id,visitorReviewsTotal,ratingReviewsTotal,avgRating,rating_total_count,Counts_per_Scores,imageReviewCount,authorCount,maxSingleReviewScoreCount,themes,review_menus,votedKeywords_totalCount,votedKeywords_reviewCount,votedKeywords_userCount,votedKeywords
1584252354,105,59.0,4.47,105,"[{'count': 6, 'score': None, '__typename': 'VisitorReviewScore'}, {'count': 47, 'score': None, '__typename': 'VisitorReviewScore'}, {'count': 2, 'score': None, '__typename': 'VisitorReviewScore'}, {'count': 1, 'score': None, '__typename': 'VisitorReviewScore'}, {'count': 23, 'score': None, '__typename': 'VisitorReviewScore'}, {'count': 1, 'score': None, '__typename': 'VisitorReviewScore'}, {'count': 6, 'score': None, '__typename': 'VisitorReviewScore'}]",11,73,47.0,"{'맛': 31, '만족도': 10, '가격': 5, '음식량': 2}","{'막국수': 5, '우동': 3, '만두': 2, '냉모밀': 2, '메밀소바': 2, '갓김치': 2, '고기만두': 1, '쫄면': 1, '메밀막국수': 1}",82.0,31.0,27.0,"{'음식이 맛있어요': 21, '가성비가 좋아요': 14, '재료가 신선해요': 10, '양이 많아요': 10, '친절해요': 9, '매장이 청결해요': 8, '혼밥하기 좋아요': 4, '특별한 메뉴가 있어요': 4, '화장실이 깨끗해요': 2}"
21440506,102,59.0,4.08,102,"[{'count': 6, 'score': None, '__typename': 'VisitorReviewScore'}, {'count': 5, 'score': None, '__typename': 'VisitorReviewScore'}, {'count': 6, 'score': None, '__typename': 'VisitorReviewScore'}, {'count': 1, 'score': None, '__typename': 'VisitorReviewScore'}, {'count': 17, 'score': None, '__typename': 'VisitorReviewScore'}, {'count': 2, 'score': None, '__typename': 'VisitorReviewScore'}, {'count': 15, 'score': None, '__typename': 'VisitorReviewScore'}]",17,73,17.0,"{'맛': 22, '만족도': 17, '서비스': 3, '가격': 2, '주차': 2, '음식량': 2, '위치': 1, '메뉴': 1, '목적': 1}","{'전복': 16, '전복뚝배기': 11, '고등어구이': 3, '해물뚝배기': 2, '오분자기': 2, '고등어': 2, '갈치': 2, '조개': 1, '바지락': 1, '새우': 1, '가리비': 1, '갈치구이': 1, '오분자기뚝배기': 1, '갈치조림': 1, '성게미역국': 1, '미역국': 1}",125.0,55.0,54.0,"{'음식이 맛있어요': 34, '재료가 신선해요': 17, '친절해요': 15, '주차하기 편해요': 13, '양이 많아요': 9, '매장이 넓어요': 8, '매장이 청결해요': 8, '단체모임 하기 좋아요': 7, '특별한 메뉴가 있어요': 6, '혼밥하기 좋아요': 3, '가성비가 좋아요': 3, '뷰가 좋아요': 2}"
1609172385,102,26.0,0.0,102,[],49,70,,"{'맛': 62, '만족도': 46, '서비스': 31, '음식량': 9, '청결도': 7, '메뉴': 4, '위치': 4, '분위기': 3, '목적': 2, '가격': 2, '배달': 1}","{'돈까스': 28, '파스타': 14, '냉모밀': 6, '로제파스타': 5, '쫄면': 4, '크림파스타': 4, '치즈': 4, '고기': 2, '메밀소바': 1, '맥주': 1, '떡볶이': 1, '등심': 1, '등심돈까스': 1, '고로케': 1, '치즈돈까스': 1}",375.0,99.0,88.0,"{'음식이 맛있어요': 84, '친절해요': 51, '매장이 청결해요': 40, '재료가 신선해요': 39, '양이 많아요': 38, '가성비가 좋아요': 31, '매장이 넓어요': 25, '특별한 메뉴가 있어요': 24, '화장실이 깨끗해요': 15, '인테리어가 멋져요': 14, '혼밥하기 좋아요': 13, '단체모임 하기 좋아요': 1}"
1402700112,186,95.0,4.6,186,"[{'count': 21, 'score': None, '__typename': 'VisitorReviewScore'}, {'count': 1, 'score': None, '__typename': 'VisitorReviewScore'}, {'count': 76, 'score': None, '__typename': 'VisitorReviewScore'}, {'count': 8, 'score': None, '__typename': 'VisitorReviewScore'}, {'count': 4, 'score': None, '__typename': 'VisitorReviewScore'}, {'count': 1, 'score': None, '__typename': 'VisitorReviewScore'}, {'count': 4, 'score': None, '__typename': 'VisitorReviewScore'}]",26,121,76.0,"{'만족도': 45, '맛': 41, '가격': 8, '서비스': 8, '음식량': 5, '목적': 2, '분위기': 2, '예약': 2, '청결도': 2, '메뉴': 1, '대기시간': 1}","{'회정식': 7, '튀김': 4, '매운탕': 4, '대구탕': 3, '생선구이': 2, '고등어': 2, '해물뚝배기': 1, '갈치구이': 1, '갈치': 1, '덮밥': 1, '식혜': 1, '참치': 1, '전복죽': 1, '전복': 1, '고등어구이': 1, '라면': 1, '숙성회': 1, '회초밥': 1, '과메기': 1, '초밥': 1}",185.0,76.0,67.0,"{'음식이 맛있어요': 41, '재료가 신선해요': 21, '가성비가 좋아요': 21, '친절해요': 19, '매장이 넓어요': 15, '주차하기 편해요': 14, '매장이 청결해요': 11, '양이 많아요': 10, '인테리어가 멋져요': 7, '단체모임 하기 좋아요': 7, '특별한 메뉴가 있어요': 6, '화장실이 깨끗해요': 5, '뷰가 좋아요': 5, '특별한 날 가기 좋아요': 3}"
1023103834,143,77.0,4.5,143,"[{'count': 2, 'score': None, '__typename': 'VisitorReviewScore'}, {'count': 5, 'score': None, '__typename': 'VisitorReviewScore'}, {'count': 21, 'score': None, '__typename': 'VisitorReviewScore'}, {'count': 1, 'score': None, '__typename': 'VisitorReviewScore'}, {'count': 2, 'score': None, '__typename': 'VisitorReviewScore'}, {'count': 35, 'score': None, '__typename': 'VisitorReviewScore'}]",6,81,35.0,"{'맛': 43, '만족도': 24, '서비스': 8, '가격': 3, '배달': 2, '음식량': 2, '위치': 1}","{'갈비': 12, '고기': 8, '양념갈비': 4, '찌개': 2, '미역국': 2, '김가루밥': 1, '생고기': 1, '김치찌개': 1, '가브리살': 1, '갈매기살': 1, '돼지고기': 1, '청국장': 1, '된장찌개': 1, '돼지갈비': 1}",209.0,79.0,55.0,"{'음식이 맛있어요': 68, '친절해요': 28, '재료가 신선해요': 21, '특별한 메뉴가 있어요': 15, '매장이 넓어요': 14, '단체모임 하기 좋아요': 14, '양이 많아요': 13, '매장이 청결해요': 12, '가성비가 좋아요': 11, '주차하기 편해요': 7, '화장실이 깨끗해요': 6}"
21856890,275,194.0,4.21,275,"[{'count': 29, 'score': None, '__typename': 'VisitorReviewScore'}, {'count': 16, 'score': None, '__typename': 'VisitorReviewScore'}, {'count': 2, 'score': None, '__typename': 'VisitorReviewScore'}, {'count': 17, 'score': None, '__typename': 'VisitorReviewScore'}, {'count': 1, 'score': None, '__typename': 'VisitorReviewScore'}, {'count': 66, 'score': None, '__typename': 'VisitorReviewScore'}, {'count': 3, 'score': None, '__typename': 'VisitorReviewScore'}, {'count': 2, 'score': None, '__typename': 'VisitorReviewScore'}, {'count': 71, 'score': None, '__typename': 'VisitorReviewScore'}]",8,205,71.0,"{'맛': 37, '만족도': 18, '서비스': 8, '청결도': 3, '음식량': 2, '주차': 1}","{'샤브샤브': 11, '월남쌈': 7, '고기': 5, '오리': 1, '오리고기': 1, '해물샤브샤브': 1, '볶음밥': 1, '소고기': 1, '샐러드': 1, '튀김': 1}",138.0,70.0,64.0,"{'음식이 맛있어요': 47, '매장이 넓어요': 18, '재료가 신선해요': 17, '친절해요': 13, '매장이 청결해요': 11, '가성비가 좋아요': 9, '인테리어가 멋져요': 5, '주차하기 편해요': 4, '특별한 메뉴가 있어요': 4, '단체모임 하기 좋아요': 4, '양이 많아요': 3, '혼밥하기 좋아요': 1, '특별한 날 가기 좋아요': 1, '뷰가 좋아요': 1}"
1351622065,191,103.0,4.1,191,"[{'count': 1, 'score': None, '__typename': 'VisitorReviewScore'}, {'count': 7, 'score': None, '__typename': 'VisitorReviewScore'}, {'count': 12, 'score': None, '__typename': 'VisitorReviewScore'}, {'count': 3, 'score': None, '__typename': 'VisitorReviewScore'}, {'count': 4, 'score': None, '__typename': 'VisitorReviewScore'}, {'count': 41, 'score': None, '__typename': 'VisitorReviewScore'}, {'count': 5, 'score': None, '__typename': 'VisitorReviewScore'}, {'count': 23, 'score': None, '__typename': 'VisitorReviewScore'}, {'count': 1, 'score': None, '__typename': 'VisitorReviewScore'}]",23,134,41.0,"{'맛': 37, '만족도': 20, '가격': 5, '서비스': 1, '배달': 1, '음식량': 1, '분위기': 1}","{'순두부': 33, '찌개': 11, '순두부찌개': 9, '오징어젓': 7, '오징어': 7, '비빔밥': 4, '냄비우동': 4, '우동': 4, '두부': 4, '소고기': 1, '계란후라이': 1, '밥집': 1, '김밥': 1, '쫄면': 1, '고기': 1, '돼지고기': 1, '김치찌개': 1}",158.0,96.0,85.0,"{'음식이 맛있어요': 67, '혼밥하기 좋아요': 18, '친절해요': 14, '가성비가 좋아요': 14, '특별한 메뉴가 있어요': 13, '매장이 넓어요': 12, '재료가 신선해요': 6, '양이 많아요': 6, '매장이 청결해요': 6, '주차하기 편해요': 2}"
1190779308,197,125.0,4.42,197,"[{'count': 45, 'score': None, '__typename': 'VisitorReviewScore'}, {'count': 2, 'score': None, '__typename': 'VisitorReviewScore'}, {'count': 59, 'score': None, '__typename': 'VisitorReviewScore'}, {'count': 5, 'score': None, '__typename': 'VisitorReviewScore'}, {'count': 6, 'score': None, '__typename': 'VisitorReviewScore'}, {'count': 17, 'score': None, '__typename': 'VisitorReviewScore'}]",15,150,59.0,"{'만족도': 30, '맛': 18, '분위기': 6, '서비스': 4, '목적': 3, '가격': 2, '메뉴': 2, '주차': 1}","{'커피': 8, '라떼': 4, '빙수': 1, '스무디': 1, '바닐라라떼': 1, '미숫가루': 1, '토피넛라떼': 1, '더치커피': 1, '에스프레소': 1, '아메리카노': 1, '더치라떼': 1}",149.0,69.0,59.0,"{'커피가 맛있어요': 30, '친절해요': 16, '음료가 맛있어요': 15, '대화하기 좋아요': 14, '좌석이 편해요': 13, '가성비가 좋아요': 12, '집중하기 좋아요': 11, '디저트가 맛있어요': 10, '인테리어가 멋져요': 8, '매장이 청결해요': 8, '주차하기 편해요': 6, '특별한 메뉴가 있어요': 2, '뷰가 좋아요': 2, '사진이 잘 나와요': 1, '화장실이 깨끗해요': 1}"
19646625,171,125.0,4.33,171,"[{'count': 19, 'score': None, '__typename': 'VisitorReviewScore'}, {'count': 48, 'score': None, '__typename': 'VisitorReviewScore'}, {'count': 1, 'score': None, '__typename': 'VisitorReviewScore'}, {'count': 34, 'score': None, '__typename': 'VisitorReviewScore'}, {'count': 1, 'score': None, '__typename': 'VisitorReviewScore'}, {'count': 10, 'score': None, '__typename': 'VisitorReviewScore'}, {'count': 7, 'score': None, '__typename': 'VisitorReviewScore'}]",4,119,48.0,"{'맛': 24, '만족도': 17, '서비스': 3, '목적': 1, '분위기': 1, '가격': 1}","{'닭갈비': 7, '목살': 4, '소금구이': 4, '국수': 3, '막국수': 3, '양념돼지갈비': 1, '갈비': 1, '돼지갈비': 1, '닭목살': 1, '양념닭갈비': 1, '고기': 1, '맥주': 1}",105.0,58.0,46.0,"{'음식이 맛있어요': 48, '가성비가 좋아요': 9, '주차하기 편해요': 8, '특별한 메뉴가 있어요': 8, '친절해요': 7, '단체모임 하기 좋아요': 7, '재료가 신선해요': 6, '양이 많아요': 6, '매장이 청결해요': 4, '인테리어가 멋져요': 1, '뷰가 좋아요': 1}"
1757129086,891,90.0,4.77,891,"[{'count': 25, 'score': None, '__typename': 'VisitorReviewScore'}, {'count': 26, 'score': None, '__typename': 'VisitorReviewScore'}, {'count': 3, 'score': None, '__typename': 'VisitorReviewScore'}, {'count': 8, 'score': None, '__typename': 'VisitorReviewScore'}, {'count': 335, 'score': None, '__typename': 'VisitorReviewScore'}, {'count': 12, 'score': None, '__typename': 'VisitorReviewScore'}, {'count': 5, 'score': None, '__typename': 'VisitorReviewScore'}]",422,547,335.0,"{'맛': 622, '만족도': 328, '서비스': 83, '음식량': 63, '메뉴': 26, '가격': 16, '분위기': 12, '목적': 11, '예약': 9, '청결도': 6, '전망': 4, '대기시간': 4, '주차': 1, '위치': 1}","{'고기': 102, '돌문어': 101, '흑돼지': 74, '문어': 35, '덮밥': 30, '라면': 23, '해물라면': 17, '미역국': 14, '뿔소라': 11, '물회': 10, '새우': 10, '오겹살': 9, '숯불구이': 7, '새우장': 7, '흑돼지구이': 6, '한치물회': 6, '계란찜': 6, '국수': 6, '소라': 6, '물회국수': 5, '명란': 5, '연어': 5, '밥집': 4, '돼지고기': 4, '게장': 3, '흑돼지오겹살': 3, '소라무침': 3, '막걸리': 3, '장어': 3, '스테이크': 3, '생선구이': 2, '맥주': 2, '양념게장': 2, '오징어': 2, '김치전': 2, '한치': 2, '털게탕': 2, '문어숙회': 2, '튀김': 1, '대게': 1, '누룽지': 1, '돌솥밥': 1, '된장찌개': 1, '해물된장찌개': 1, '찌개': 1, '커피': 1, '딱새우회': 1, '조개': 1, '무생채': 1, '해물탕': 1, '돼지구이': 1, '낙지': 1, '간장게장': 1, '삼겹살': 1, '부침개': 1, '새우덮밥': 1, '꽃게': 1, '두루치기': 1, '간장새우': 1, '참소라': 1, '꽃게탕': 1, '생선': 1, '회': 1, '생굴': 1}",3075.0,726.0,713.0,"{'음식이 맛있어요': 596, '친절해요': 353, '재료가 신선해요': 320, '양이 많아요': 274, '반찬이 잘 나와요': 273, '매장이 넓어요': 224, '가성비가 좋아요': 213, '매장이 청결해요': 206, '인테리어가 멋져요': 120, '화장실이 깨끗해요': 98, '주차하기 편해요': 70, '뷰가 좋아요': 69, '단체모임 하기 좋아요': 66, '특별한 날 가기 좋아요': 57, '특별한 메뉴가 있어요': 52, '비싼 만큼 가치있어요': 49, '혼밥하기 좋아요': 18, '차분한 분위기에요': 17}"
16888287,13,6.0,4.55,13,"[{'count': 5, 'score': None, '__typename': 'VisitorReviewScore'}, {'count': 1, 'score': None, '__typename': 'VisitorReviewScore'}, {'count': 4, 'score': None, '__typename': 'VisitorReviewScore'}]",3,11,5.0,"{'맛': 4, '만족도': 4, '음식량': 1}","{'튀김': 1, '옥돔': 1, '다금바리': 1, '옥돔구이': 1, '고구마튀김': 1, '매운탕': 1}",12.0,4.0,4.0,"{'음식이 맛있어요': 3, '재료가 신선해요': 3, '친절해요': 2, '양이 많아요': 1, '주차하기 편해요': 1, '특별한 메뉴가 있어요': 1, '뷰가 좋아요': 1}"
1013708027,57,27.0,4.47,57,"[{'count': 2, 'score': None, '__typename': 'VisitorReviewScore'}, {'count': 12, 'score': None, '__typename': 'VisitorReviewScore'}, {'count': 4, 'score': None, '__typename': 'VisitorReviewScore'}, {'count': 1, 'score': None, '__typename': 'VisitorReviewScore'}]",10,45,12.0,"{'맛': 21, '만족도': 10, '서비스': 3, '청결도': 1, '목적': 1, '주차': 1}","{'몸국': 11, '육개장': 8, '고기': 2, '밥집': 1, '해장국': 1, '고사리해장국': 1, '계란후라이': 1, '돌솥밥': 1}",111.0,39.0,36.0,"{'음식이 맛있어요': 35, '친절해요': 20, '재료가 신선해요': 14, '매장이 청결해요': 13, '혼밥하기 좋아요': 6, '양이 많아요': 6, '특별한 메뉴가 있어요': 6, '가성비가 좋아요': 5, '화장실이 깨끗해요': 3, '인테리어가 멋져요': 1, '매장이 넓어요': 1, '단체모임 하기 좋아요': 1}"
38780105,435,288.0,4.35,435,"[{'count': 3, 'score': None, '__typename': 'VisitorReviewScore'}, {'count': 19, 'score': None, '__typename': 'VisitorReviewScore'}, {'count': 136, 'score': None, '__typename': 'VisitorReviewScore'}, {'count': 2, 'score': None, '__typename': 'VisitorReviewScore'}, {'count': 5, 'score': None, '__typename': 'VisitorReviewScore'}, {'count': 80, 'score': None, '__typename': 'VisitorReviewScore'}, {'count': 24, 'score': None, '__typename': 'VisitorReviewScore'}, {'count': 15, 'score': None, '__typename': 'VisitorReviewScore'}, {'count': 1, 'score': None, '__typename': 'VisitorReviewScore'}]",8,253,136.0,"{'만족도': 53, '서비스': 20, '맛': 16, '가격': 1, '목적': 1, '메뉴': 1, '위치': 1}","{'바게트': 4, '케이크': 2, '도넛': 1, '생크림케이크': 1, '커피': 1, '쿠키': 1, '롤케이크': 1, '소보로빵': 1, '샌드위치': 1}",239.0,161.0,114.0,"{'빵이 맛있어요': 107, '친절해요': 54, '매장이 청결해요': 22, '가성비가 좋아요': 14, '특별한 메뉴가 있어요': 10, '커피가 맛있어요': 9, '음료가 맛있어요': 5, '주차하기 편해요': 5, '대화하기 좋아요': 4, '좌석이 편해요': 2, '인테리어가 멋져요': 2, '집중하기 좋아요': 2, '화장실이 깨끗해요': 2, '사진이 잘 나와요': 1}"
16870874,77,48.0,4.0,77,"[{'count': 12, 'score': None, '__typename': 'VisitorReviewScore'}, {'count': 5, 'score': None, '__typename': 'VisitorReviewScore'}, {'count': 3, 'score': None, '__typename': 'VisitorReviewScore'}, {'count': 14, 'score': None, '__typename': 'VisitorReviewScore'}, {'count': 2, 'score': None, '__typename': 'VisitorReviewScore'}, {'count': 6, 'score': None, '__typename': 'VisitorReviewScore'}]",7,57,14.0,"{'맛': 16, '만족도': 5, '메뉴': 3, '서비스': 2}","{'돌솥비빔밥': 3, '비빔밥': 3, '갈비탕': 3, '육개장': 2, '오뎅볶음': 1, '고기': 1, '물회': 1, '오징어물회': 1, '오징어': 1}",64.0,35.0,26.0,"{'음식이 맛있어요': 29, '양이 많아요': 7, '재료가 신선해요': 6, '친절해요': 6, '가성비가 좋아요': 5, '주차하기 편해요': 3, '특별한 메뉴가 있어요': 3, '매장이 넓어요': 2, '혼밥하기 좋아요': 1, '인테리어가 멋져요': 1, '단체모임 하기 좋아요': 1}"
1312001474,358,96.0,4.44,358,"[{'count': 7, 'score': None, '__typename': 'VisitorReviewScore'}, {'count': 3, 'score': None, '__typename': 'VisitorReviewScore'}, {'count': 20, 'score': None, '__typename': 'VisitorReviewScore'}, {'count': 4, 'score': None, '__typename': 'VisitorReviewScore'}, {'count': 14, 'score': None, '__typename': 'VisitorReviewScore'}, {'count': 13, 'score': None, '__typename': 'VisitorReviewScore'}, {'count': 124, 'score': None, '__typename': 'VisitorReviewScore'}, {'count': 1, 'score': None, '__typename': 'VisitorReviewScore'}, {'count': 2, 'score': None, '__typename': 'VisitorReviewScore'}, {'count': 2, 'score': None, '__typename': 'VisitorReviewScore'}]",65,230,124.0,"{'맛': 195, '만족도': 130, '서비스': 71, '음식량': 28, '목적': 9, '청결도': 8, '메뉴': 7, '분위기': 6, '가격': 5, '대기시간': 1, '주차': 1, '예약': 1, '전망': 1}","{'갈치': 96, '갈치조림': 79, '게장': 25, '통갈치': 19, '간장게장': 17, '통갈치조림': 15, '시래기': 15, '전복': 13, '물회': 9, '미역국': 8, '갈치구이': 7, '고등어': 7, '전복죽': 6, '고등어구이': 6, '생선': 5, '고등어조림': 4, '우럭': 4, '성게미역국': 3, '모듬회': 3, '새우': 2, '소라': 2, '문어': 2, '매운탕': 2, '고기': 2, '안심': 2, '생선구이': 2, '방어': 2, '방어회': 2, '게장정식': 2, '한치': 2, '한치회': 2, '돌문어': 1, '갓김치': 1, '옥돔': 1, '옥돔구이': 1, '활어회': 1, '가정식백반': 1, '농어': 1, '고등어회': 1, '회무침': 1, '막걸리': 1, '모듬물회': 1, '전복물회': 1, '돌돔': 1, '한치물회': 1, '생선조림': 1, '튀김': 1, '새우튀김': 1, '밥집': 1, '냉면': 1, '양념게장': 1, '회덮밥': 1}",586.0,175.0,171.0,"{'음식이 맛있어요': 147, '재료가 신선해요': 97, '친절해요': 86, '양이 많아요': 68, '매장이 청결해요': 44, '가성비가 좋아요': 40, '특별한 메뉴가 있어요': 33, '매장이 넓어요': 23, '단체모임 하기 좋아요': 13, '주차하기 편해요': 9, '화장실이 깨끗해요': 9, '뷰가 좋아요': 8, '특별한 날 가기 좋아요': 6, '혼밥하기 좋아요': 2, '인테리어가 멋져요': 1}"
1318242561,80,26.0,0.0,80,[],25,41,,"{'맛': 32, '만족도': 22, '서비스': 8, '음식량': 6, '청결도': 5, '메뉴': 3, '목적': 1, '대기시간': 1, '위치': 1, '가격': 1}","{'찌개': 17, '두루치기': 14, '된장찌개': 12, '고기': 5, '김치찌개': 3, '쌈밥': 2, '쭈꾸미': 1, '차돌된장찌개': 1, '차돌박이': 1, '제육': 1, '제육볶음': 1}",244.0,78.0,72.0,"{'음식이 맛있어요': 61, '재료가 신선해요': 43, '친절해요': 33, '매장이 청결해요': 31, '가성비가 좋아요': 22, '양이 많아요': 21, '매장이 넓어요': 13, '주차하기 편해요': 4, '특별한 메뉴가 있어요': 4, '화장실이 깨끗해요': 4, '단체모임 하기 좋아요': 3, '인테리어가 멋져요': 2, '특별한 날 가기 좋아요': 2, '혼밥하기 좋아요': 1}"
1363819714,276,191.0,4.23,276,"[{'count': 2, 'score': None, '__typename': 'VisitorReviewScore'}, {'count': 59, 'score': None, '__typename': 'VisitorReviewScore'}, {'count': 5, 'score': None, '__typename': 'VisitorReviewScore'}, {'count': 79, 'score': None, '__typename': 'VisitorReviewScore'}, {'count': 16, 'score': None, '__typename': 'VisitorReviewScore'}, {'count': 2, 'score': None, '__typename': 'VisitorReviewScore'}, {'count': 19, 'score': None, '__typename': 'VisitorReviewScore'}, {'count': 22, 'score': None, '__typename': 'VisitorReviewScore'}]",30,212,79.0,"{'만족도': 38, '맛': 20, '서비스': 9, '분위기': 7, '전망': 3, '주차': 2, '위치': 1, '음식량': 1}","{'커피': 13, '라떼': 2, '아이스크림': 2, '에이드': 1, '초콜릿': 1, '피자': 1, '청귤차': 1}",177.0,89.0,77.0,"{'뷰가 좋아요': 42, '커피가 맛있어요': 35, '친절해요': 20, '주차하기 편해요': 18, '매장이 청결해요': 14, '음료가 맛있어요': 12, '디저트가 맛있어요': 11, '사진이 잘 나와요': 7, '좌석이 편해요': 4, '특별한 메뉴가 있어요': 4, '대화하기 좋아요': 4, '가성비가 좋아요': 2, '화장실이 깨끗해요': 2, '인테리어가 멋져요': 1, '집중하기 좋아요': 1}"
53096796,1073,762.0,4.32,1073,"[{'count': 73, 'score': None, '__typename': 'VisitorReviewScore'}, {'count': 4, 'score': None, '__typename': 'VisitorReviewScore'}, {'count': 192, 'score': None, '__typename': 'VisitorReviewScore'}, {'count': 9, 'score': None, '__typename': 'VisitorReviewScore'}, {'count': 37, 'score': None, '__typename': 'VisitorReviewScore'}, {'count': 349, 'score': None, '__typename': 'VisitorReviewScore'}, {'count': 11, 'score': None, '__typename': 'VisitorReviewScore'}, {'count': 9, 'score': None, '__typename': 'VisitorReviewScore'}, {'count': 54, 'score': None, '__typename': 'VisitorReviewScore'}, {'count': 1, 'score': None, '__typename': 'VisitorReviewScore'}]",33,562,349.0,"{'만족도': 90, '서비스': 43, '맛': 34, '메뉴': 4, '목적': 4, '주차': 3, '청결도': 3, '배달': 2, '예약': 2, '대기시간': 2, '위치': 2, '가격': 1, '음식량': 1, '분위기': 1}","{'아이스크림': 17, '커피': 2, '요거트': 1, '케이크': 1, '우유': 1, '민트초코': 1}",593.0,356.0,232.0,"{'디저트가 맛있어요': 183, '친절해요': 107, '매장이 청결해요': 95, '특별한 메뉴가 있어요': 56, '음료가 맛있어요': 32, '좌석이 편해요': 27, '커피가 맛있어요': 22, '가성비가 좋아요': 22, '대화하기 좋아요': 18, '인테리어가 멋져요': 9, '주차하기 편해요': 8, '화장실이 깨끗해요': 6, '사진이 잘 나와요': 5, '뷰가 좋아요': 3}"
37992468,444,249.0,4.51,444,"[{'count': 31, 'score': None, '__typename': 'VisitorReviewScore'}, {'count': 156, 'score': None, '__typename': 'VisitorReviewScore'}, {'count': 3, 'score': None, '__typename': 'VisitorReviewScore'}, {'count': 69, 'score': None, '__typename': 'VisitorReviewScore'}, {'count': 2, 'score': None, '__typename': 'VisitorReviewScore'}, {'count': 10, 'score': None, '__typename': 'VisitorReviewScore'}, {'count': 1, 'score': None, '__typename': 'VisitorReviewScore'}, {'count': 13, 'score': None, '__typename': 'VisitorReviewScore'}]",24,313,156.0,"{'맛': 107, '만족도': 45, '가격': 9, '서비스': 8, '목적': 6, '음식량': 2}","{'찐빵': 36, '쑥찐빵': 25, '식빵': 24, '오메기떡': 3, '쑥빵': 2, '토스트': 1, '와플': 1, '인절미': 1}",279.0,169.0,154.0,"{'음식이 맛있어요': 131, '특별한 메뉴가 있어요': 52, '재료가 신선해요': 33, '친절해요': 23, '가성비가 좋아요': 15, '양이 많아요': 6, '매장이 청결해요': 6, '주차하기 편해요': 4, '매장이 넓어요': 3, '특별한 날 가기 좋아요': 2, '화장실이 깨끗해요': 2, '혼밥하기 좋아요': 1, '단체모임 하기 좋아요': 1}"
1407615613,531,414.0,4.44,531,"[{'count': 2, 'score': None, '__typename': 'VisitorReviewScore'}, {'count': 91, 'score': None, '__typename': 'VisitorReviewScore'}, {'count': 3, 'score': None, '__typename': 'VisitorReviewScore'}, {'count': 41, 'score': None, '__typename': 'VisitorReviewScore'}, {'count': 1, 'score': None, '__typename': 'VisitorReviewScore'}, {'count': 179, 'score': None, '__typename': 'VisitorReviewScore'}, {'count': 20, 'score': None, '__typename': 'VisitorReviewScore'}, {'count': 19, 'score': None, '__typename': 'VisitorReviewScore'}]",18,357,179.0,"{'만족도': 46, '맛': 13, '서비스': 4, '가격': 4, '분위기': 2, '주차': 2, '위치': 1, '메뉴': 1, '목적': 1}","{'커피': 7, '아메리카노': 2, '자몽주스': 1, '샐러드': 1, '크림치즈': 1, '베이글': 1, '치즈': 1, '카페모카': 1, '케이크': 1}",371.0,188.0,107.0,"{'커피가 맛있어요': 79, '가성비가 좋아요': 72, '음료가 맛있어요': 34, '디저트가 맛있어요': 31, '주차하기 편해요': 30, '집중하기 좋아요': 24, '매장이 청결해요': 23, '좌석이 편해요': 20, '친절해요': 20, '대화하기 좋아요': 15, '특별한 메뉴가 있어요': 13, '인테리어가 멋져요': 7, '사진이 잘 나와요': 1, '화장실이 깨끗해요': 1, '뷰가 좋아요': 1}"
1472376600,63,20.0,4.02,63,"[{'count': 7, 'score': None, '__typename': 'VisitorReviewScore'}, {'count': 1, 'score': None, '__typename': 'VisitorReviewScore'}, {'count': 11, 'score': None, '__typename': 'VisitorReviewScore'}, {'count': 4, 'score': None, '__typename': 'VisitorReviewScore'}, {'count': 2, 'score': None, '__typename': 'VisitorReviewScore'}]",30,38,11.0,"{'맛': 34, '만족도': 19, '음식량': 7, '서비스': 5, '예약': 2, '가격': 1}","{'전복': 24, '전복죽': 8, '갈비탕': 7, '비빔밥': 6, '연어': 5, '연어초밥': 3, '초밥': 3, '왕갈비탕': 3, '왕갈비': 3, '회덮밥': 3, '전복뚝배기': 2, '전복물회': 2, '물회': 2, '갈비': 2, '장어': 2, '전복갈비탕': 2, '덮밥': 2, '고기': 1, '장어덮밥': 1, '전복구이': 1, '도가니탕': 1, '전복회': 1, '조개': 1, '해물탕': 1, '소불고기': 1, '카레': 1, '불고기': 1}",145.0,39.0,36.0,"{'음식이 맛있어요': 37, '재료가 신선해요': 29, '친절해요': 22, '특별한 메뉴가 있어요': 17, '가성비가 좋아요': 11, '양이 많아요': 10, '혼밥하기 좋아요': 6, '단체모임 하기 좋아요': 5, '매장이 청결해요': 3, '화장실이 깨끗해요': 3, '매장이 넓어요': 1, '특별한 날 가기 좋아요': 1}"
1789277202,30,19.0,4.13,30,"[{'count': 1, 'score': None, '__typename': 'VisitorReviewScore'}, {'count': 3, 'score': None, '__typename': 'VisitorReviewScore'}, {'count': 1, 'score': None, '__typename': 'VisitorReviewScore'}, {'count': 7, 'score': None, '__typename': 'VisitorReviewScore'}]",1,24,7.0,"{'만족도': 5, '맛': 4, '서비스': 1, '음식량': 1, '주차': 1}","{'찌개': 2, '김치찜': 1, '고기': 1, '흑돼지': 1, '옥돔': 1, '옥돔구이': 1, '김치찌개': 1}",31.0,18.0,18.0,"{'음식이 맛있어요': 10, '매장이 넓어요': 8, '친절해요': 3, '재료가 신선해요': 2, '주차하기 편해요': 2, '뷰가 좋아요': 2, '인테리어가 멋져요': 1, '가성비가 좋아요': 1, '특별한 메뉴가 있어요': 1, '화장실이 깨끗해요': 1}"
37086024,192,36.0,4.49,192,"[{'count': 91, 'score': None, '__typename': 'VisitorReviewScore'}, {'count': 2, 'score': None, '__typename': 'VisitorReviewScore'}, {'count': 5, 'score': None, '__typename': 'VisitorReviewScore'}, {'count': 5, 'score': None, '__typename': 'VisitorReviewScore'}, {'count': 1, 'score': None, '__typename': 'VisitorReviewScore'}, {'count': 2, 'score': None, '__typename': 'VisitorReviewScore'}, {'count': 3, 'score': None, '__typename': 'VisitorReviewScore'}, {'count': 19, 'score': None, '__typename': 'VisitorReviewScore'}, {'count': 6, 'score': None, '__typename': 'VisitorReviewScore'}]",38,146,91.0,"{'맛': 113, '만족도': 97, '서비스': 68, '분위기': 29, '음식량': 12, '목적': 4, '주차': 3, '예약': 3, '가격': 3, '대기시간': 3, '메뉴': 2, '청결도': 1, '위치': 1}","{'파스타': 28, '스테이크': 13, '돌문어': 12, '샐러드': 11, '피자': 11, '커피': 10, '흑돼지': 6, '덮밥': 5, '오일파스타': 5, '짬뽕': 5, '전복': 4, '오징어': 3, '와인': 3, '마들렌': 3, '홍차': 2, '마늘빵': 2, '로제파스타': 2, '크림파스타': 2, '문어': 2, '고르곤졸라': 2, '연어': 2, '연어샐러드': 2, '삼겹살': 2, '티본스테이크': 2, '튀김': 1, '바질': 1, '소라': 1, '돈까스': 1, '바게트': 1, '젤리': 1, '고르곤졸라피자': 1, '수제청에이드': 1, '에이드': 1, '초콜릿': 1, '새우': 1, '보쌈': 1, '치킨': 1, '볶음밥': 1, '토마토파스타': 1, '찹스테이크': 1, '맥주': 1, '피클': 1, '규동': 1}",213.0,66.0,57.0,"{'음식이 맛있어요': 48, '친절해요': 32, '주차하기 편해요': 23, '매장이 청결해요': 20, '재료가 신선해요': 14, '특별한 날 가기 좋아요': 14, '인테리어가 멋져요': 12, '양이 많아요': 12, '특별한 메뉴가 있어요': 12, '단체모임 하기 좋아요': 8, '화장실이 깨끗해요': 8, '가성비가 좋아요': 5, '매장이 넓어요': 4, '건강한 맛이에요': 1}"
1774094414,289,59.0,4.81,289,"[{'count': 9, 'score': None, '__typename': 'VisitorReviewScore'}, {'count': 1, 'score': None, '__typename': 'VisitorReviewScore'}, {'count': 83, 'score': None, '__typename': 'VisitorReviewScore'}, {'count': 4, 'score': None, '__typename': 'VisitorReviewScore'}, {'count': 5, 'score': None, '__typename': 'VisitorReviewScore'}]",143,192,83.0,"{'맛': 174, '만족도': 99, '서비스': 42, '분위기': 22, '음식량': 8, '위치': 5, '메뉴': 4, '청결도': 3, '가격': 2, '대기시간': 1}","{'카레': 91, '돈까스': 60, '등심': 29, '고기': 24, '안심': 21, '등심카츠': 19, '안심돈까스': 13, '카츠산도': 12, '치킨': 12, '고로케': 10, '등심돈까스': 6, '소고기': 5, '라면': 5, '냉라면': 4, '바게트': 3, '돈까스카레': 3, '샐러드': 3, '돼지고기': 2, '야채카레라이스': 2, '맥주': 2, '커피': 2, '튀김': 1, '우유': 1, '쌀빵': 1, '냉라멘': 1, '새우': 1}",743.0,214.0,200.0,"{'음식이 맛있어요': 192, '친절해요': 107, '재료가 신선해요': 93, '매장이 청결해요': 86, '특별한 메뉴가 있어요': 74, '인테리어가 멋져요': 67, '혼밥하기 좋아요': 29, '매장이 넓어요': 26, '양이 많아요': 21, '주차하기 편해요': 16, '가성비가 좋아요': 15, '특별한 날 가기 좋아요': 7, '단체모임 하기 좋아요': 6, '화장실이 깨끗해요': 4}"
34557576,1,1.0,4.0,1,"[{'count': 1, 'score': None, '__typename': 'VisitorReviewScore'}]",0,1,1.0,{},{},,,,
1301403671,312,106.0,4.66,312,"[{'count': 116, 'score': None, '__typename': 'VisitorReviewScore'}, {'count': 5, 'score': None, '__typename': 'VisitorReviewScore'}, {'count': 5, 'score': None, '__typename': 'VisitorReviewScore'}, {'count': 2, 'score': None, '__typename': 'VisitorReviewScore'}, {'count': 19, 'score': None, '__typename': 'VisitorReviewScore'}, {'count': 2, 'score': None, '__typename': 'VisitorReviewScore'}, {'count': 17, 'score': None, '__typename': 'VisitorReviewScore'}]",103,221,116.0,"{'맛': 153, '만족도': 80, '서비스': 30, '분위기': 9, '음식량': 9, '목적': 4, '가격': 4, '메뉴': 3, '청결도': 2, '위치': 2, '대기시간': 1}","{'우동': 96, '곱창': 61, '카레': 32, '소고기': 32, '카레우동': 27, '소곱창': 16, '고기': 5, '전골': 4, '죽': 4, '문어': 4, '곱창전골': 3, '전복죽': 3, '전복': 3, '쌀국수': 2, '두부': 2, '맥주': 2, '보말': 2, '보말죽': 2, '콜라': 1, '라면': 1, '짬뽕': 1, '육개장': 1, '튀김': 1, '소불고기': 1, '불고기': 1, '일본카레': 1, '막걸리': 1, '백숙': 1, '흑돼지': 1, '소곱창전골': 1, '계란찜': 1}",444.0,158.0,154.0,"{'음식이 맛있어요': 132, '친절해요': 68, '특별한 메뉴가 있어요': 52, '혼밥하기 좋아요': 47, '매장이 청결해요': 37, '인테리어가 멋져요': 35, '재료가 신선해요': 27, '양이 많아요': 13, '주차하기 편해요': 9, '가성비가 좋아요': 9, '뷰가 좋아요': 6, '특별한 날 가기 좋아요': 4, '화장실이 깨끗해요': 4, '매장이 넓어요': 1}"
37153818,586,176.0,4.55,586,"[{'count': 4, 'score': None, '__typename': 'VisitorReviewScore'}, {'count': 2, 'score': None, '__typename': 'VisitorReviewScore'}, {'count': 12, 'score': None, '__typename': 'VisitorReviewScore'}, {'count': 269, 'score': None, '__typename': 'VisitorReviewScore'}, {'count': 25, 'score': None, '__typename': 'VisitorReviewScore'}, {'count': 3, 'score': None, '__typename': 'VisitorReviewScore'}, {'count': 21, 'score': None, '__typename': 'VisitorReviewScore'}, {'count': 4, 'score': None, '__typename': 'VisitorReviewScore'}, {'count': 53, 'score': None, '__typename': 'VisitorReviewScore'}, {'count': 2, 'score': None, '__typename': 'VisitorReviewScore'}]",127,454,269.0,"{'맛': 260, '만족도': 221, '서비스': 121, '음식량': 27, '목적': 26, '가격': 15, '분위기': 13, '메뉴': 10, '예약': 10, '청결도': 7, '대기시간': 4, '위치': 2, '주차': 2, '방역': 1}","{'고기': 180, '말고기': 165, '육회': 46, '소고기': 35, '샤브샤브': 27, '초밥': 10, '갈비': 8, '갈비찜': 7, '곰탕': 5, '칼국수': 4, '돈까스': 4, '생고기': 3, '튀김': 2, '비빔밥': 2, '육회비빔밥': 2, '삼겹살': 1, '컵라면': 1, '흑돼지': 1, '육회초밥': 1, '맥주': 1, '한우': 1, '돼지고기': 1, '오리': 1, '육포': 1, '갈비탕': 1, '안심': 1, '국밥': 1, '마라탕': 1, '내장탕': 1, '대패삼겹살': 1, '장아찌': 1, '볶음밥': 1, '소라': 1}",553.0,193.0,185.0,"{'음식이 맛있어요': 118, '특별한 메뉴가 있어요': 90, '친절해요': 68, '재료가 신선해요': 66, '매장이 넓어요': 43, '가성비가 좋아요': 37, '주차하기 편해요': 34, '양이 많아요': 27, '단체모임 하기 좋아요': 22, '특별한 날 가기 좋아요': 20, '매장이 청결해요': 16, '혼밥하기 좋아요': 5, '인테리어가 멋져요': 3, '화장실이 깨끗해요': 3, '뷰가 좋아요': 1}"
1332766884,302,115.0,4.71,302,"[{'count': 6, 'score': None, '__typename': 'VisitorReviewScore'}, {'count': 1, 'score': None, '__typename': 'VisitorReviewScore'}, {'count': 9, 'score': None, '__typename': 'VisitorReviewScore'}, {'count': 17, 'score': None, '__typename': 'VisitorReviewScore'}, {'count': 175, 'score': None, '__typename': 'VisitorReviewScore'}, {'count': 31, 'score': None, '__typename': 'VisitorReviewScore'}]",94,250,175.0,"{'맛': 149, '만족도': 103, '서비스': 69, '가격': 10, '목적': 9, '음식량': 9, '메뉴': 3, '위치': 2, '청결도': 1, '분위기': 1, '예약': 1, '대기시간': 1}","{'갈치': 108, '갈치조림': 62, '갈치구이': 40, '통갈치': 8, '통갈치구이': 8, '오징어': 6, '가정식백반': 5, '식혜': 5, '생선': 3, '오징어젓': 3, '고등어구이': 2, '두부찌개': 1, '찌개': 1, '두부': 1, '떡볶이': 1, '라면': 1, '갈치정식': 1, '특수부위': 1, '생선조림': 1, '회무침': 1, '갈치회': 1, '은갈치': 1, '통오징어': 1, '한치': 1, '계란말이': 1}",282.0,87.0,86.0,"{'음식이 맛있어요': 69, '친절해요': 41, '매장이 청결해요': 32, '재료가 신선해요': 28, '매장이 넓어요': 24, '주차하기 편해요': 22, '가성비가 좋아요': 20, '양이 많아요': 15, '단체모임 하기 좋아요': 10, '특별한 메뉴가 있어요': 9, '화장실이 깨끗해요': 7, '특별한 날 가기 좋아요': 2, '혼밥하기 좋아요': 1, '인테리어가 멋져요': 1, '뷰가 좋아요': 1}"
13058314,615,335.0,4.5,615,"[{'count': 58, 'score': None, '__typename': 'VisitorReviewScore'}, {'count': 10, 'score': None, '__typename': 'VisitorReviewScore'}, {'count': 6, 'score': None, '__typename': 'VisitorReviewScore'}, {'count': 14, 'score': None, '__typename': 'VisitorReviewScore'}, {'count': 1, 'score': None, '__typename': 'VisitorReviewScore'}, {'count': 88, 'score': None, '__typename': 'VisitorReviewScore'}, {'count': 5, 'score': None, '__typename': 'VisitorReviewScore'}, {'count': 8, 'score': None, '__typename': 'VisitorReviewScore'}, {'count': 261, 'score': None, '__typename': 'VisitorReviewScore'}]",101,500,261.0,"{'맛': 171, '만족도': 92, '서비스': 52, '가격': 8, '분위기': 6, '음식량': 5, '위치': 4, '목적': 4, '대기시간': 3, '청결도': 1, '메뉴': 1}","{'고기': 75, '흑돼지': 53, '찌개': 36, '김치찌개': 30, '근고기': 20, '돼지고기': 8, '된장찌개': 7, '라면': 4, '해장국': 3, '연탄구이': 2, '목살': 2, '오겹살': 2, '생고기': 2, '삼겹살': 1, '사이다': 1, '돼지고기김치찌개': 1}",372.0,184.0,177.0,"{'음식이 맛있어요': 149, '친절해요': 68, '재료가 신선해요': 37, '주차하기 편해요': 23, '특별한 메뉴가 있어요': 20, '매장이 넓어요': 17, '가성비가 좋아요': 10, '양이 많아요': 9, '매장이 청결해요': 9, '단체모임 하기 좋아요': 9, '혼밥하기 좋아요': 6, '뷰가 좋아요': 6, '인테리어가 멋져요': 4, '특별한 날 가기 좋아요': 3, '화장실이 깨끗해요': 2}"
1016461586,126,91.0,4.25,126,"[{'count': 26, 'score': None, '__typename': 'VisitorReviewScore'}, {'count': 6, 'score': None, '__typename': 'VisitorReviewScore'}, {'count': 12, 'score': None, '__typename': 'VisitorReviewScore'}, {'count': 1, 'score': None, '__typename': 'VisitorReviewScore'}, {'count': 27, 'score': None, '__typename': 'VisitorReviewScore'}, {'count': 1, 'score': None, '__typename': 'VisitorReviewScore'}, {'count': 6, 'score': None, '__typename': 'VisitorReviewScore'}]",7,88,27.0,"{'맛': 15, '만족도': 12, '서비스': 3, '음식량': 1}",{'고등어': 1},101.0,52.0,49.0,"{'음식이 맛있어요': 38, '재료가 신선해요': 23, '친절해요': 7, '양이 많아요': 7, '가성비가 좋아요': 7, '특별한 메뉴가 있어요': 5, '단체모임 하기 좋아요': 4, '매장이 청결해요': 3, '매장이 넓어요': 2, '혼밥하기 좋아요': 1, '인테리어가 멋져요': 1, '주차하기 편해요': 1, '특별한 날 가기 좋아요': 1, '뷰가 좋아요': 1}"
1065712130,381,171.0,4.63,381,"[{'count': 29, 'score': None, '__typename': 'VisitorReviewScore'}, {'count': 2, 'score': None, '__typename': 'VisitorReviewScore'}, {'count': 1, 'score': None, '__typename': 'VisitorReviewScore'}, {'count': 10, 'score': None, '__typename': 'VisitorReviewScore'}, {'count': 180, 'score': None, '__typename': 'VisitorReviewScore'}, {'count': 1, 'score': None, '__typename': 'VisitorReviewScore'}, {'count': 5, 'score': None, '__typename': 'VisitorReviewScore'}, {'count': 51, 'score': None, '__typename': 'VisitorReviewScore'}]",121,303,180.0,"{'맛': 153, '만족도': 100, '서비스': 43, '분위기': 28, '목적': 8, '음식량': 4, '청결도': 4, '메뉴': 3, '가격': 2, '대기시간': 2, '위치': 1, '전망': 1, '주차': 1}","{'리조또': 38, '파스타': 37, '에이드': 6, '새우': 5, '새우크림파스타': 4, '크림파스타': 4, '전복': 3, '필라프': 3, '와인': 2, '청귤에이드': 2, '토마토파스타': 1, '오일파스타': 1, '볶음밥': 1, '샐러드': 1}",413.0,124.0,124.0,"{'음식이 맛있어요': 106, '친절해요': 64, '인테리어가 멋져요': 47, '특별한 메뉴가 있어요': 41, '뷰가 좋아요': 36, '재료가 신선해요': 33, '특별한 날 가기 좋아요': 19, '매장이 청결해요': 18, '혼밥하기 좋아요': 9, '아늑해요': 7, '양이 많아요': 6, '음료가 맛있어요': 5, '주차하기 편해요': 5, '가성비가 좋아요': 5, '화장실이 깨끗해요': 4, '야외 공간이 멋져요': 3, '사진이 잘 나와요': 2, '매장이 넓어요': 2, '건강한 맛이에요': 1}"
37440545,286,191.0,4.27,286,"[{'count': 18, 'score': None, '__typename': 'VisitorReviewScore'}, {'count': 77, 'score': None, '__typename': 'VisitorReviewScore'}, {'count': 16, 'score': None, '__typename': 'VisitorReviewScore'}, {'count': 2, 'score': None, '__typename': 'VisitorReviewScore'}, {'count': 61, 'score': None, '__typename': 'VisitorReviewScore'}, {'count': 3, 'score': None, '__typename': 'VisitorReviewScore'}, {'count': 20, 'score': None, '__typename': 'VisitorReviewScore'}]",19,222,77.0,"{'만족도': 54, '맛': 12, '분위기': 5, '전망': 4, '서비스': 3, '주차': 3, '위치': 2, '가격': 1}","{'커피': 9, '빙수': 2, '브레드': 1, '허니브레드': 1, '팥빙수': 1, '모히또': 1}",190.0,92.0,84.0,"{'커피가 맛있어요': 43, '뷰가 좋아요': 33, '음료가 맛있어요': 19, '친절해요': 19, '주차하기 편해요': 17, '디저트가 맛있어요': 10, '좌석이 편해요': 9, '매장이 청결해요': 9, '인테리어가 멋져요': 7, '사진이 잘 나와요': 7, '대화하기 좋아요': 7, '가성비가 좋아요': 4, '화장실이 깨끗해요': 3, '집중하기 좋아요': 2, '특별한 메뉴가 있어요': 1}"
16880555,180,108.0,4.38,180,"[{'count': 28, 'score': None, '__typename': 'VisitorReviewScore'}, {'count': 1, 'score': None, '__typename': 'VisitorReviewScore'}, {'count': 2, 'score': None, '__typename': 'VisitorReviewScore'}, {'count': 2, 'score': None, '__typename': 'VisitorReviewScore'}, {'count': 4, 'score': None, '__typename': 'VisitorReviewScore'}, {'count': 4, 'score': None, '__typename': 'VisitorReviewScore'}, {'count': 56, 'score': None, '__typename': 'VisitorReviewScore'}, {'count': 9, 'score': None, '__typename': 'VisitorReviewScore'}, {'count': 1, 'score': None, '__typename': 'VisitorReviewScore'}]",31,139,56.0,"{'맛': 43, '만족도': 32, '서비스': 7, '가격': 5, '음식량': 2, '분위기': 1, '메뉴': 1, '청결도': 1}","{'전복': 12, '옥돔구이': 10, '옥돔': 10, '전복뚝배기': 9, '물회': 6, '해물뚝배기': 5, '매운탕': 3, '회덮밥': 3, '낙지': 3, '낙지볶음': 3, '한치': 3, '한치물회': 3, '광어': 2, '전복죽': 2, '조개': 2, '전복해물뚝배기': 1, '막걸리': 1, '갈치': 1, '도미': 1, '활어회': 1, '멍게회': 1, '밥집': 1, '생선구이': 1, '광어회': 1}",176.0,74.0,69.0,"{'음식이 맛있어요': 55, '재료가 신선해요': 26, '친절해요': 25, '가성비가 좋아요': 23, '뷰가 좋아요': 9, '혼밥하기 좋아요': 8, '주차하기 편해요': 8, '특별한 메뉴가 있어요': 7, '양이 많아요': 6, '매장이 넓어요': 6, '매장이 청결해요': 2, '인테리어가 멋져요': 1}"
1261507187,956,73.0,4.92,955,"[{'count': 27, 'score': None, '__typename': 'VisitorReviewScore'}, {'count': 3, 'score': None, '__typename': 'VisitorReviewScore'}, {'count': 449, 'score': None, '__typename': 'VisitorReviewScore'}, {'count': 2, 'score': None, '__typename': 'VisitorReviewScore'}, {'count': 20, 'score': None, '__typename': 'VisitorReviewScore'}]",706,587,449.0,"{'맛': 689, '만족도': 441, '서비스': 186, '전망': 122, '분위기': 58, '목적': 18, '위치': 12, '음식량': 6, '메뉴': 4, '주차': 3, '청결도': 3, '가격': 3, '대기시간': 1}","{'아이스크림': 578, '땅콩아이스크림': 246, '크로플': 69, '아포가토': 48, '커피': 48, '우유': 30, '우유아이스크림': 11, '아메리카노': 10, '드립백': 4, '도미': 3, '와플': 3, '라떼': 3, '아이스크림라떼': 2, '안심': 1, '에스프레소': 1, '솜사탕': 1, '아이스크림크로플': 1, '우동': 1, '드립커피': 1, '바닐라아이스크림': 1, '토스트': 1}",2411.0,607.0,588.0,"{'뷰가 좋아요': 434, '디저트가 맛있어요': 17, '친절해요': 368, '특별한 메뉴가 있어요': 238, '매장이 청결해요': 200, '주차하기 편해요': 187, '사진이 잘 나와요': 131, '인테리어가 멋져요': 113, '커피가 맛있어요': 84, '음료가 맛있어요': 80, '대화하기 좋아요': 47, '좌석이 편해요': 36, '가성비가 좋아요': 23, '화장실이 깨끗해요': 18, '집중하기 좋아요': 7}"
1569993781,102,36.0,4.25,102,"[{'count': 12, 'score': None, '__typename': 'VisitorReviewScore'}, {'count': 43, 'score': None, '__typename': 'VisitorReviewScore'}, {'count': 2, 'score': None, '__typename': 'VisitorReviewScore'}, {'count': 10, 'score': None, '__typename': 'VisitorReviewScore'}, {'count': 2, 'score': None, '__typename': 'VisitorReviewScore'}, {'count': 5, 'score': None, '__typename': 'VisitorReviewScore'}, {'count': 4, 'score': None, '__typename': 'VisitorReviewScore'}, {'count': 2, 'score': None, '__typename': 'VisitorReviewScore'}]",35,88,43.0,"{'맛': 37, '만족도': 34, '서비스': 20, '예약': 7, '분위기': 6, '음식량': 6, '전망': 3, '목적': 2, '메뉴': 2, '가격': 2}","{'병어조림': 9, '병어': 9, '육전': 3, '찌개': 2, '가정식백반': 1, '된장찌개': 1, '흑돼지': 1, '밥집': 1}",86.0,28.0,27.0,"{'음식이 맛있어요': 19, '재료가 신선해요': 15, '뷰가 좋아요': 14, '매장이 청결해요': 11, '특별한 날 가기 좋아요': 5, '인테리어가 멋져요': 4, '반찬이 잘 나와요': 4, '차분한 분위기에요': 3, '매장이 넓어요': 3, '비싼 만큼 가치있어요': 2, '화장실이 깨끗해요': 2, '친절해요': 1, '양이 많아요': 1, '가성비가 좋아요': 1, '특별한 메뉴가 있어요': 1}"
1013243343,102,58.0,4.68,102,"[{'count': 3, 'score': None, '__typename': 'VisitorReviewScore'}, {'count': 7, 'score': None, '__typename': 'VisitorReviewScore'}, {'count': 1, 'score': None, '__typename': 'VisitorReviewScore'}, {'count': 9, 'score': None, '__typename': 'VisitorReviewScore'}, {'count': 1, 'score': None, '__typename': 'VisitorReviewScore'}, {'count': 46, 'score': None, '__typename': 'VisitorReviewScore'}]",9,63,46.0,"{'맛': 29, '만족도': 14, '서비스': 7, '음식량': 4}","{'국수': 6, '몸국': 4, '순대': 4, '고기': 3, '고기국수': 2, '국밥': 2, '코다리': 2, '코다리조림': 2, '고기국밥': 1, '밀면': 1, '수육': 1, '돔베고기': 1, '커피': 1}",94.0,39.0,34.0,"{'음식이 맛있어요': 24, '친절해요': 17, '양이 많아요': 17, '가성비가 좋아요': 10, '혼밥하기 좋아요': 9, '특별한 메뉴가 있어요': 9, '재료가 신선해요': 7, '주차하기 편해요': 1}"
35862505,1104,369.0,4.64,1104,"[{'count': 7, 'score': None, '__typename': 'VisitorReviewScore'}, {'count': 108, 'score': None, '__typename': 'VisitorReviewScore'}, {'count': 2, 'score': None, '__typename': 'VisitorReviewScore'}, {'count': 23, 'score': None, '__typename': 'VisitorReviewScore'}, {'count': 4, 'score': None, '__typename': 'VisitorReviewScore'}, {'count': 71, 'score': None, '__typename': 'VisitorReviewScore'}, {'count': 23, 'score': None, '__typename': 'VisitorReviewScore'}, {'count': 615, 'score': None, '__typename': 'VisitorReviewScore'}, {'count': 11, 'score': None, '__typename': 'VisitorReviewScore'}, {'count': 5, 'score': None, '__typename': 'VisitorReviewScore'}]",151,954,615.0,"{'맛': 505, '만족도': 347, '서비스': 78, '음식량': 63, '가격': 16, '전망': 15, '분위기': 7, '목적': 6, '메뉴': 6, '청결도': 4, '위치': 4, '주차': 3, '예약': 3, '대기시간': 1}","{'라면': 216, '칼국수': 169, '보말': 106, '전복': 99, '보말칼국수': 68, '문어': 59, '보말죽': 55, '전복죽': 52, '해물칼국수': 41, '전복라면': 39, '뿔소라': 35, '해물라면': 31, '문어숙회': 29, '소라': 28, '막걸리': 24, '땅콩막걸리': 14, '국수': 5, '전복회': 5, '새우': 4, '깍두기': 3, '짬뽕': 3, '초콜릿': 2, '조개': 2, '메밀국수': 1, '전복칼국수': 1, '짬뽕라면': 1, '해물모듬': 1, '햄버거': 1, '볶음밥': 1, '꽃게': 1, '껍데기': 1}",673.0,279.0,269.0,"{'음식이 맛있어요': 186, '재료가 신선해요': 112, '뷰가 좋아요': 86, '친절해요': 72, '주차하기 편해요': 46, '특별한 메뉴가 있어요': 39, '가성비가 좋아요': 33, '양이 많아요': 31, '매장이 청결해요': 24, '매장이 넓어요': 15, '혼밥하기 좋아요': 9, '특별한 날 가기 좋아요': 8, '화장실이 깨끗해요': 7, '인테리어가 멋져요': 4, '단체모임 하기 좋아요': 1}"
1193025209,22,4.0,4.83,22,"[{'count': 2, 'score': None, '__typename': 'VisitorReviewScore'}, {'count': 1, 'score': None, '__typename': 'VisitorReviewScore'}]",7,3,2.0,"{'맛': 12, '만족도': 6, '메뉴': 2, '서비스': 2, '배달': 1, '위치': 1, '가격': 1, '분위기': 1}","{'햄버거': 3, '고기': 2, '치즈버거': 2, '수제버거': 2, '치즈': 1, '커피': 1, '피클': 1, '코울슬로': 1, '튀김': 1, '감자튀김': 1, '반미': 1}",48.0,19.0,17.0,"{'음식이 맛있어요': 15, '친절해요': 11, '인테리어가 멋져요': 7, '혼밥하기 좋아요': 6, '재료가 신선해요': 2, '가성비가 좋아요': 2, '양이 많아요': 1, '특별한 날 가기 좋아요': 1, '특별한 메뉴가 있어요': 1, '매장이 청결해요': 1, '화장실이 깨끗해요': 1}"
1689531018,165,71.0,4.49,165,"[{'count': 15, 'score': None, '__typename': 'VisitorReviewScore'}, {'count': 2, 'score': None, '__typename': 'VisitorReviewScore'}, {'count': 6, 'score': None, '__typename': 'VisitorReviewScore'}, {'count': 8, 'score': None, '__typename': 'VisitorReviewScore'}, {'count': 63, 'score': None, '__typename': 'VisitorReviewScore'}, {'count': 1, 'score': None, '__typename': 'VisitorReviewScore'}, {'count': 8, 'score': None, '__typename': 'VisitorReviewScore'}]",61,138,63.0,"{'맛': 66, '만족도': 43, '서비스': 23, '음식량': 8, '목적': 5, '전망': 3, '가격': 3, '주차': 2, '분위기': 2, '위치': 1}","{'덮밥': 32, '돌문어': 26, '라면': 20, '문어': 16, '해물라면': 13, '볶음밥': 4, '전복': 3, '한치': 2, '해물전': 1, '전복라면': 1, '멸치국수': 1, '국수': 1, '누룽지': 1, '매운탕': 1, '해물찜': 1, '고등어구이': 1, '해물볶음밥': 1, '새우': 1, '물회': 1, '한치물회': 1}",205.0,68.0,67.0,"{'음식이 맛있어요': 56, '친절해요': 26, '뷰가 좋아요': 25, '재료가 신선해요': 23, '특별한 메뉴가 있어요': 21, '양이 많아요': 12, '혼밥하기 좋아요': 11, '가성비가 좋아요': 10, '주차하기 편해요': 9, '매장이 청결해요': 6, '매장이 넓어요': 3, '화장실이 깨끗해요': 3}"
1186161857,364,138.0,4.49,364,"[{'count': 3, 'score': None, '__typename': 'VisitorReviewScore'}, {'count': 12, 'score': None, '__typename': 'VisitorReviewScore'}, {'count': 5, 'score': None, '__typename': 'VisitorReviewScore'}, {'count': 24, 'score': None, '__typename': 'VisitorReviewScore'}, {'count': 42, 'score': None, '__typename': 'VisitorReviewScore'}, {'count': 1, 'score': None, '__typename': 'VisitorReviewScore'}, {'count': 4, 'score': None, '__typename': 'VisitorReviewScore'}, {'count': 11, 'score': None, '__typename': 'VisitorReviewScore'}, {'count': 182, 'score': None, '__typename': 'VisitorReviewScore'}, {'count': 2, 'score': None, '__typename': 'VisitorReviewScore'}]",128,300,182.0,"{'만족도': 149, '맛': 90, '전망': 45, '분위기': 31, '서비스': 26, '청결도': 5, '가격': 3, '위치': 2, '주차': 2, '대기시간': 1, '메뉴': 1, '목적': 1}","{'커피': 42, '라떼': 14, '크로플': 10, '에이드': 8, '크림라떼': 6, '청귤에이드': 6, '밤라떼': 4, '아메리카노': 3, '쑥라떼': 2, '치즈': 2, '카페라떼': 2, '프렌치토스트': 1, '바게트': 1, '토스트': 1, '볶음밥': 1, '파스타': 1, '바닐라라떼': 1, '딸기라떼': 1, '인절미': 1, '크림치즈': 1, '한라봉에이드': 1, '요거트스무디': 1, '요거트': 1, '플레인요거트': 1, '케이크': 1, '플레인요거트스무디': 1, '스무디': 1, '아인슈페너': 1, '망고빙수': 1, '빙수': 1, '와인': 1, '맥주': 1, '칵테일': 1, '레몬에이드짱': 1, '레몬에이드': 1, '허니브레드': 1, '브레드': 1, '연유커피': 1}",380.0,116.0,111.0,"{'뷰가 좋아요': 75, '인테리어가 멋져요': 42, '커피가 맛있어요': 35, '사진이 잘 나와요': 34, '친절해요': 30, '매장이 청결해요': 23, '음료가 맛있어요': 21, '디저트가 맛있어요': 20, '음식이 맛있어요': 19, '주차하기 편해요': 18, '특별한 메뉴가 있어요': 11, '화장실이 깨끗해요': 11, '좌석이 편해요': 9, '가성비가 좋아요': 7, '대화하기 좋아요': 7, '매장이 넓어요': 6, '재료가 신선해요': 5, '혼밥하기 좋아요': 2, '집중하기 좋아요': 2, '양이 많아요': 1, '특별한 날 가기 좋아요': 1, '단체모임 하기 좋아요': 1}"
16712268,64,45.0,3.93,64,"[{'count': 13, 'score': None, '__typename': 'VisitorReviewScore'}, {'count': 10, 'score': None, '__typename': 'VisitorReviewScore'}, {'count': 1, 'score': None, '__typename': 'VisitorReviewScore'}, {'count': 3, 'score': None, '__typename': 'VisitorReviewScore'}, {'count': 4, 'score': None, '__typename': 'VisitorReviewScore'}, {'count': 17, 'score': None, '__typename': 'VisitorReviewScore'}, {'count': 3, 'score': None, '__typename': 'VisitorReviewScore'}, {'count': 1, 'score': None, '__typename': 'VisitorReviewScore'}]",1,46,17.0,"{'만족도': 6, '맛': 4, '서비스': 3, '가격': 2, '음식량': 1}","{'참치': 3, '참치회': 1, '튀김': 1, '샐러드': 1, '초밥': 1}",21.0,12.0,12.0,"{'음식이 맛있어요': 9, '재료가 신선해요': 6, '친절해요': 2, '매장이 청결해요': 2, '특별한 날 가기 좋아요': 1, '단체모임 하기 좋아요': 1}"
1273254613,217,107.0,4.43,217,"[{'count': 1, 'score': None, '__typename': 'VisitorReviewScore'}, {'count': 35, 'score': None, '__typename': 'VisitorReviewScore'}, {'count': 2, 'score': None, '__typename': 'VisitorReviewScore'}, {'count': 2, 'score': None, '__typename': 'VisitorReviewScore'}, {'count': 1, 'score': None, '__typename': 'VisitorReviewScore'}, {'count': 1, 'score': None, '__typename': 'VisitorReviewScore'}, {'count': 20, 'score': None, '__typename': 'VisitorReviewScore'}, {'count': 1, 'score': None, '__typename': 'VisitorReviewScore'}]",33,121,35.0,"{'만족도': 47, '맛': 15, '분위기': 9, '서비스': 4, '위치': 3, '가격': 2, '음식량': 2, '전망': 2}","{'커피': 7, '아메리카노': 3, '베이글': 2, '요거트': 1, '샐러드': 1, '스무디': 1, '딸기스무디': 1, '피자': 1}",460.0,182.0,157.0,"{'가성비가 좋아요': 75, '커피가 맛있어요': 67, '매장이 청결해요': 44, '좌석이 편해요': 37, '음료가 맛있어요': 33, '주차하기 편해요': 32, '인테리어가 멋져요': 30, '뷰가 좋아요': 29, '디저트가 맛있어요': 27, '친절해요': 20, '대화하기 좋아요': 20, '화장실이 깨끗해요': 15, '집중하기 좋아요': 13, '사진이 잘 나와요': 12, '특별한 메뉴가 있어요': 6}"
1478560917,81,42.0,4.44,81,"[{'count': 5, 'score': None, '__typename': 'VisitorReviewScore'}, {'count': 1, 'score': None, '__typename': 'VisitorReviewScore'}, {'count': 1, 'score': None, '__typename': 'VisitorReviewScore'}, {'count': 19, 'score': None, '__typename': 'VisitorReviewScore'}, {'count': 3, 'score': None, '__typename': 'VisitorReviewScore'}, {'count': 6, 'score': None, '__typename': 'VisitorReviewScore'}, {'count': 1, 'score': None, '__typename': 'VisitorReviewScore'}]",25,46,19.0,"{'맛': 28, '만족도': 20, '음식량': 5, '전망': 5, '서비스': 4, '위치': 3, '분위기': 3, '주차': 2, '가격': 1, '메뉴': 1, '대기시간': 1}","{'라면': 12, '옥수수': 8, '문어': 7, '비빔밥': 5, '해물라면': 4, '주먹밥': 4, '성게비빔밥': 3, '전복': 3, '흑돼지': 3, '맥주': 2, '고기': 2, '소라': 1, '튀김': 1, '김밥': 1, '새우': 1, '해물모듬': 1, '도시락': 1}",178.0,65.0,61.0,"{'음식이 맛있어요': 41, '뷰가 좋아요': 36, '재료가 신선해요': 22, '양이 많아요': 17, '친절해요': 16, '특별한 메뉴가 있어요': 13, '매장이 청결해요': 8, '혼밥하기 좋아요': 7, '주차하기 편해요': 6, '인테리어가 멋져요': 4, '가성비가 좋아요': 3, '화장실이 깨끗해요': 3, '특별한 날 가기 좋아요': 1, '단체모임 하기 좋아요': 1}"
1522422332,144,66.0,4.4,144,"[{'count': 13, 'score': None, '__typename': 'VisitorReviewScore'}, {'count': 6, 'score': None, '__typename': 'VisitorReviewScore'}, {'count': 7, 'score': None, '__typename': 'VisitorReviewScore'}, {'count': 54, 'score': None, '__typename': 'VisitorReviewScore'}, {'count': 1, 'score': None, '__typename': 'VisitorReviewScore'}, {'count': 1, 'score': None, '__typename': 'VisitorReviewScore'}, {'count': 3, 'score': None, '__typename': 'VisitorReviewScore'}, {'count': 14, 'score': None, '__typename': 'VisitorReviewScore'}]",32,106,54.0,"{'맛': 52, '만족도': 36, '서비스': 28, '음식량': 5, '가격': 3, '청결도': 2, '대기시간': 1, '목적': 1}","{'갈비': 23, '고기': 16, '된장찌개': 15, '찌개': 14, '흑돼지': 10, '오겹살': 9, '돼지갈비': 8, '양념갈비': 7, '냉면': 7, '흑돼지오겹살': 6, '돼지고기': 3, '양념돼지갈비': 3, '갈비살': 2, '우족탕': 2, '왕갈비': 1, '소갈비살': 1, '국수': 1, '삼겹살': 1, '비빔국수': 1, '소고기': 1, '육회': 1, '비빔냉면': 1, '차돌박이': 1, '물냉면': 1}",161.0,59.0,53.0,"{'음식이 맛있어요': 48, '친절해요': 23, '매장이 넓어요': 19, '매장이 청결해요': 19, '재료가 신선해요': 16, '가성비가 좋아요': 9, '단체모임 하기 좋아요': 7, '주차하기 편해요': 6, '양이 많아요': 5, '특별한 메뉴가 있어요': 5, '화장실이 깨끗해요': 2, '혼밥하기 좋아요': 1, '특별한 날 가기 좋아요': 1}"
1011342777,16,1.0,4.79,16,"[{'count': 3, 'score': None, '__typename': 'VisitorReviewScore'}, {'count': 4, 'score': None, '__typename': 'VisitorReviewScore'}]",10,3,4.0,"{'만족도': 2, '맛': 2, '서비스': 2}","{'커피': 2, '파운드케이크': 1}",22.0,9.0,4.0,"{'인테리어가 멋져요': 5, '커피가 맛있어요': 3, '친절해요': 3, '음료가 맛있어요': 2, '사진이 잘 나와요': 2, '집중하기 좋아요': 2, '뷰가 좋아요': 2, '디저트가 맛있어요': 1, '매장이 청결해요': 1, '대화하기 좋아요': 1}"
1693004057,114,30.0,4.72,114,"[{'count': 1, 'score': None, '__typename': 'VisitorReviewScore'}, {'count': 8, 'score': None, '__typename': 'VisitorReviewScore'}, {'count': 49, 'score': None, '__typename': 'VisitorReviewScore'}, {'count': 11, 'score': None, '__typename': 'VisitorReviewScore'}]",46,83,49.0,"{'맛': 66, '만족도': 45, '서비스': 26, '음식량': 13, '목적': 4, '가격': 4, '메뉴': 1, '청결도': 1, '방역': 1, '대기시간': 1}","{'갈치': 36, '갈치조림': 19, '갈치구이': 15, '제육': 11, '백반': 8, '옥돔': 5, '고등어': 4, '제육볶음': 4, '가정식백반': 4, '생선구이': 3, '생선': 3, '고등어구이': 2, '미역국': 2, '옥돔구이': 2, '조기구이': 2, '백반정식': 2, '통갈치': 1, '초콜릿': 1, '고등어구이정식': 1, '국밥': 1, '무생채': 1, '시래기': 1, '푸딩': 1, '수육': 1, '밥집': 1, '고등어정식': 1, '과일': 1, '돈까스': 1, '새우': 1, '고등어조림': 1}",193.0,60.0,58.0,"{'음식이 맛있어요': 52, '친절해요': 42, '가성비가 좋아요': 30, '양이 많아요': 24, '재료가 신선해요': 22, '혼밥하기 좋아요': 9, '매장이 청결해요': 7, '주차하기 편해요': 3, '특별한 메뉴가 있어요': 2, '매장이 넓어요': 1, '단체모임 하기 좋아요': 1}"
37915559,156,74.0,4.29,156,"[{'count': 6, 'score': None, '__typename': 'VisitorReviewScore'}, {'count': 60, 'score': None, '__typename': 'VisitorReviewScore'}, {'count': 3, 'score': None, '__typename': 'VisitorReviewScore'}, {'count': 1, 'score': None, '__typename': 'VisitorReviewScore'}, {'count': 28, 'score': None, '__typename': 'VisitorReviewScore'}, {'count': 3, 'score': None, '__typename': 'VisitorReviewScore'}, {'count': 2, 'score': None, '__typename': 'VisitorReviewScore'}, {'count': 12, 'score': None, '__typename': 'VisitorReviewScore'}, {'count': 8, 'score': None, '__typename': 'VisitorReviewScore'}]",21,123,60.0,"{'맛': 52, '만족도': 31, '서비스': 5, '청결도': 5, '방역': 2, '음식량': 1, '배달': 1, '메뉴': 1}","{'수제비': 40, '돈까스': 31, '고기': 3, '들깨수제비': 3, '흑돼지': 2, '튀김': 1, '샐러드': 1, '우동': 1, '감자샐러드': 1, '국수': 1, '비빔국수': 1, '무생채': 1, '문어': 1}",71.0,33.0,32.0,"{'음식이 맛있어요': 24, '양이 많아요': 10, '가성비가 좋아요': 9, '혼밥하기 좋아요': 8, '친절해요': 7, '재료가 신선해요': 4, '매장이 넓어요': 4, '특별한 메뉴가 있어요': 3, '인테리어가 멋져요': 1, '주차하기 편해요': 1}"
13484740,285,94.0,4.56,285,"[{'count': 24, 'score': None, '__typename': 'VisitorReviewScore'}, {'count': 1, 'score': None, '__typename': 'VisitorReviewScore'}, {'count': 13, 'score': None, '__typename': 'VisitorReviewScore'}, {'count': 3, 'score': None, '__typename': 'VisitorReviewScore'}, {'count': 148, 'score': None, '__typename': 'VisitorReviewScore'}, {'count': 7, 'score': None, '__typename': 'VisitorReviewScore'}, {'count': 6, 'score': None, '__typename': 'VisitorReviewScore'}, {'count': 7, 'score': None, '__typename': 'VisitorReviewScore'}, {'count': 1, 'score': None, '__typename': 'VisitorReviewScore'}]",100,221,148.0,"{'맛': 146, '만족도': 95, '서비스': 52, '음식량': 22, '목적': 6, '가격': 4, '방역': 4, '청결도': 4, '주차': 2, '메뉴': 2, '위치': 1, '배달': 1}","{'해물탕': 67, '흑돼지': 24, '두루치기': 17, '전복': 14, '한치': 10, '라면': 9, '고기': 7, '전복회': 5, '해물뚝배기': 4, '칼국수': 4, '소라': 4, '새우': 3, '고등어구이': 3, '바지락': 2, '쭈꾸미': 2, '오분자기': 1, '게국지': 1, '뿔소라': 1, '호박칼국수': 1, '조개': 1, '오겹살': 1, '완탕': 1, '문어': 1, '해물라면': 1, '닭가슴살': 1, '닭가슴살샐러드': 1, '샐러드': 1, '갈치조림': 1, '갈치': 1, '부침개': 1, '전복뚝배기': 1, '매운탕': 1, '수제비': 1, '고등어': 1, '가리비': 1, '돈까스': 1}",326.0,109.0,103.0,"{'음식이 맛있어요': 83, '재료가 신선해요': 54, '친절해요': 48, '양이 많아요': 30, '가성비가 좋아요': 28, '매장이 넓어요': 23, '주차하기 편해요': 13, '특별한 메뉴가 있어요': 12, '매장이 청결해요': 11, '뷰가 좋아요': 8, '단체모임 하기 좋아요': 5, '화장실이 깨끗해요': 5, '혼밥하기 좋아요': 2, '인테리어가 멋져요': 2, '특별한 날 가기 좋아요': 2}"
21846327,223,139.0,4.35,223,"[{'count': 1, 'score': None, '__typename': 'VisitorReviewScore'}, {'count': 40, 'score': None, '__typename': 'VisitorReviewScore'}, {'count': 9, 'score': None, '__typename': 'VisitorReviewScore'}, {'count': 17, 'score': None, '__typename': 'VisitorReviewScore'}, {'count': 2, 'score': None, '__typename': 'VisitorReviewScore'}, {'count': 9, 'score': None, '__typename': 'VisitorReviewScore'}, {'count': 81, 'score': None, '__typename': 'VisitorReviewScore'}, {'count': 3, 'score': None, '__typename': 'VisitorReviewScore'}, {'count': 2, 'score': None, '__typename': 'VisitorReviewScore'}]",18,155,81.0,"{'맛': 42, '만족도': 17, '서비스': 10, '음식량': 4, '청결도': 2, '목적': 1, '대기시간': 1}","{'쭈꾸미': 8, '볶음밥': 5, '계란찜': 3, '불닭': 1, '치즈': 1, '치즈볶음밥': 1, '계란탕': 1, '계란후라이': 1}",90.0,63.0,52.0,"{'음식이 맛있어요': 53, '친절해요': 13, '재료가 신선해요': 5, '가성비가 좋아요': 5, '특별한 메뉴가 있어요': 5, '양이 많아요': 4, '매장이 넓어요': 2, '혼밥하기 좋아요': 1, '특별한 날 가기 좋아요': 1, '화장실이 깨끗해요': 1}"
17041696,198,94.0,4.5,198,"[{'count': 7, 'score': None, '__typename': 'VisitorReviewScore'}, {'count': 2, 'score': None, '__typename': 'VisitorReviewScore'}, {'count': 1, 'score': None, '__typename': 'VisitorReviewScore'}, {'count': 65, 'score': None, '__typename': 'VisitorReviewScore'}, {'count': 9, 'score': None, '__typename': 'VisitorReviewScore'}, {'count': 1, 'score': None, '__typename': 'VisitorReviewScore'}, {'count': 21, 'score': None, '__typename': 'VisitorReviewScore'}, {'count': 1, 'score': None, '__typename': 'VisitorReviewScore'}]",40,134,65.0,"{'맛': 66, '만족도': 41, '서비스': 18, '음식량': 6, '가격': 5, '메뉴': 3, '주차': 2, '위치': 2, '대기시간': 1}","{'뿔소라': 19, '갈치': 16, '소라': 16, '갈치구이': 9, '옥돔': 8, '전복': 8, '라면': 6, '옥돔구이': 5, '해물탕': 5, '전복죽': 4, '해물뚝배기': 4, '해물라면': 3, '전복뚝배기': 3, '고등어구이': 3, '갈치조림': 3, '생선': 2, '생선구이': 2, '꽃게': 2, '고기': 2, '고등어': 2, '완탕': 1, '덮밥': 1, '탕수육': 1, '짬뽕': 1, '전복해물뚝배기': 1, '오분자기': 1, '오분자기뚝배기': 1, '새우': 1, '찌개': 1}",332.0,109.0,103.0,"{'음식이 맛있어요': 84, '친절해요': 50, '재료가 신선해요': 45, '주차하기 편해요': 34, '가성비가 좋아요': 30, '매장이 청결해요': 21, '특별한 메뉴가 있어요': 19, '양이 많아요': 18, '매장이 넓어요': 14, '혼밥하기 좋아요': 8, '단체모임 하기 좋아요': 5, '뷰가 좋아요': 2, '특별한 날 가기 좋아요': 1, '화장실이 깨끗해요': 1}"
1026781105,100,42.0,4.56,100,"[{'count': 33, 'score': None, '__typename': 'VisitorReviewScore'}, {'count': 5, 'score': None, '__typename': 'VisitorReviewScore'}, {'count': 8, 'score': None, '__typename': 'VisitorReviewScore'}, {'count': 1, 'score': None, '__typename': 'VisitorReviewScore'}, {'count': 13, 'score': None, '__typename': 'VisitorReviewScore'}]",25,80,33.0,"{'맛': 39, '만족도': 19, '서비스': 7, '음식량': 2, '가격': 1}","{'수제비': 27, '호박전': 8, '만두': 2, '칼국수': 2, '왕만두': 1, '부침개': 1, '콩국': 1, '갈치국': 1, '갈치': 1, '파전': 1}",100.0,47.0,43.0,"{'특별한 메뉴가 있어요': 30, '친절해요': 22, '주차하기 편해요': 12, '매장이 청결해요': 10, '가성비가 좋아요': 5, '뷰가 좋아요': 5, '디저트가 맛있어요': 3, '음료가 맛있어요': 3, '커피가 맛있어요': 2, '좌석이 편해요': 2, '인테리어가 멋져요': 2, '대화하기 좋아요': 2, '사진이 잘 나와요': 1, '집중하기 좋아요': 1}"
299964938,214,97.0,4.47,214,"[{'count': 37, 'score': None, '__typename': 'VisitorReviewScore'}, {'count': 1, 'score': None, '__typename': 'VisitorReviewScore'}, {'count': 20, 'score': None, '__typename': 'VisitorReviewScore'}, {'count': 10, 'score': None, '__typename': 'VisitorReviewScore'}, {'count': 89, 'score': None, '__typename': 'VisitorReviewScore'}, {'count': 4, 'score': None, '__typename': 'VisitorReviewScore'}, {'count': 4, 'score': None, '__typename': 'VisitorReviewScore'}, {'count': 1, 'score': None, '__typename': 'VisitorReviewScore'}]",53,178,89.0,"{'맛': 70, '만족도': 53, '서비스': 16, '음식량': 5, '목적': 3, '청결도': 2, '메뉴': 2, '배달': 1, '가격': 1, '분위기': 1}","{'초밥': 44, '튀김': 17, '새우튀김': 11, '새우': 11, '우동': 8, '생선': 7, '왕새우튀김': 5, '왕새우': 5, '샐러드': 5, '사케': 3, '연어': 3, '참치': 3, '고등어': 2, '모듬회': 2, '메밀소바기': 1, '메밀소바': 1, '전복': 1, '도미': 1, '농어': 1, '민어': 1, '회초밥': 1, '알밥': 1, '숙성회': 1, '간장게장': 1, '게장': 1, '새우장': 1, '꽃게': 1, '광어': 1, '연어초밥': 1, '계란말이': 1, '장어': 1, '갈비': 1, '참돔': 1, '돼지갈비': 1, '목살': 1}",168.0,54.0,51.0,"{'음식이 맛있어요': 45, '재료가 신선해요': 32, '친절해요': 31, '혼밥하기 좋아요': 24, '특별한 메뉴가 있어요': 10, '양이 많아요': 8, '매장이 청결해요': 8, '가성비가 좋아요': 6, '인테리어가 멋져요': 2, '특별한 날 가기 좋아요': 2}"
1638746553,3,,0.0,3,[],3,3,,"{'만족도': 2, '서비스': 1, '맛': 1}","{'수제돈까스': 2, '과일': 1, '커피': 1, '돈까스정식': 1, '경양식돈가스': 1, '돈까스': 1}",15.0,3.0,3.0,"{'음식이 맛있어요': 3, '재료가 신선해요': 3, '친절해요': 3, '주차하기 편해요': 3, '혼밥하기 좋아요': 1, '양이 많아요': 1, '가성비가 좋아요': 1}"
1562418700,144,59.0,4.45,144,"[{'count': 1, 'score': None, '__typename': 'VisitorReviewScore'}, {'count': 1, 'score': None, '__typename': 'VisitorReviewScore'}, {'count': 26, 'score': None, '__typename': 'VisitorReviewScore'}, {'count': 19, 'score': None, '__typename': 'VisitorReviewScore'}, {'count': 57, 'score': None, '__typename': 'VisitorReviewScore'}, {'count': 1, 'score': None, '__typename': 'VisitorReviewScore'}, {'count': 5, 'score': None, '__typename': 'VisitorReviewScore'}, {'count': 5, 'score': None, '__typename': 'VisitorReviewScore'}]",54,116,57.0,"{'만족도': 42, '맛': 41, '분위기': 20, '메뉴': 19, '전망': 10, '서비스': 5, '가격': 2, '위치': 1, '청결도': 1, '주차': 1}","{'밀크티': 16, '커피': 6, '홍차': 5, '브라우니': 5, '케이크': 2, '로얄밀크티': 2, '레몬케이크': 1, '블랙밀크티': 1}",130.0,37.0,36.0,"{'차가 맛있어요': 25, '뷰가 좋아요': 19, '인테리어가 멋져요': 15, '음료가 맛있어요': 14, '사진이 잘 나와요': 10, '디저트가 맛있어요': 9, '특별한 메뉴가 있어요': 8, '친절해요': 7, '주차하기 편해요': 6, '대화하기 좋아요': 5, '매장이 청결해요': 4, '화장실이 깨끗해요': 4, '좌석이 편해요': 3, '집중하기 좋아요': 1}"
1790039130,146,59.0,0.0,146,[],30,59,,"{'맛': 38, '만족도': 32, '목적': 12, '서비스': 5, '위치': 1, '예약': 1, '주차': 1, '가격': 1}","{'쿠키': 6, '커피': 5, '에이드': 5, '바질': 5, '푸딩': 4, '바나나푸딩': 4, '녹차': 3, '아메리카노': 2, '라떼': 1, '우유': 1}",274.0,140.0,121.0,"{'디저트가 맛있어요': 83, '특별한 메뉴가 있어요': 44, '커피가 맛있어요': 35, '친절해요': 33, '음료가 맛있어요': 22, '주차하기 편해요': 12, '매장이 청결해요': 12, '가성비가 좋아요': 8, '뷰가 좋아요': 6, '인테리어가 멋져요': 5, '사진이 잘 나와요': 5, '대화하기 좋아요': 5, '좌석이 편해요': 3, '화장실이 깨끗해요': 1}"
34509501,33,12.0,4.7,33,"[{'count': 1, 'score': None, '__typename': 'VisitorReviewScore'}, {'count': 3, 'score': None, '__typename': 'VisitorReviewScore'}, {'count': 15, 'score': None, '__typename': 'VisitorReviewScore'}, {'count': 3, 'score': None, '__typename': 'VisitorReviewScore'}]",8,23,15.0,"{'맛': 13, '만족도': 13, '서비스': 7, '예약': 3, '메뉴': 1}","{'가정식백반': 5, '계란말이': 1, '쥬스': 1, '한라봉쥬스': 1, '백반': 1, '케이크': 1, '미역국': 1}",60.0,17.0,17.0,"{'음식이 맛있어요': 13, '가성비가 좋아요': 11, '재료가 신선해요': 10, '친절해요': 9, '특별한 메뉴가 있어요': 6, '양이 많아요': 5, '뷰가 좋아요': 3, '혼밥하기 좋아요': 1, '주차하기 편해요': 1, '화장실이 깨끗해요': 1}"
17053569,5,1.0,0.0,5,[],1,5,,{'맛': 1},"{'아이스크림': 1, '해물라면': 1, '라면': 1}",5.0,4.0,4.0,"{'재료가 신선해요': 2, '음식이 맛있어요': 1, '친절해요': 1, '특별한 메뉴가 있어요': 1}"
1253430121,15,5.0,4.75,15,"[{'count': 1, 'score': None, '__typename': 'VisitorReviewScore'}, {'count': 1, 'score': None, '__typename': 'VisitorReviewScore'}]",5,5,1.0,"{'맛': 7, '만족도': 5, '음식량': 3, '서비스': 2}","{'새우': 1, '오징어': 1}",44.0,14.0,13.0,"{'음식이 맛있어요': 14, '재료가 신선해요': 9, '양이 많아요': 9, '가성비가 좋아요': 6, '친절해요': 4, '특별한 메뉴가 있어요': 1, '매장이 청결해요': 1}"
1464431382,107,28.0,4.78,107,"[{'count': 3, 'score': None, '__typename': 'VisitorReviewScore'}, {'count': 32, 'score': None, '__typename': 'VisitorReviewScore'}, {'count': 1, 'score': None, '__typename': 'VisitorReviewScore'}, {'count': 4, 'score': None, '__typename': 'VisitorReviewScore'}]",50,65,32.0,"{'맛': 63, '만족도': 46, '서비스': 40, '목적': 6, '주차': 2, '가격': 1, '전망': 1}","{'고기': 37, '찌개': 19, '흑돼지': 14, '김치찌개': 10, '된장찌개': 10, '목살': 6, '김치말이국수': 5, '국수': 5, '아이스크림': 2, '흑돼지김치찌개': 1, '삼겹살': 1, '오징어': 1, '오징어볶음': 1, '흑돼지구이': 1, '돼지고기': 1, '소고기': 1, '가정식백반': 1, '특수부위': 1, '초콜릿': 1}",282.0,92.0,89.0,"{'음식이 맛있어요': 83, '친절해요': 64, '재료가 신선해요': 40, '주차하기 편해요': 22, '가성비가 좋아요': 21, '매장이 청결해요': 19, '특별한 메뉴가 있어요': 9, '매장이 넓어요': 6, '화장실이 깨끗해요': 5, '뷰가 좋아요': 5, '양이 많아요': 3, '단체모임 하기 좋아요': 2, '혼밥하기 좋아요': 1, '인테리어가 멋져요': 1, '특별한 날 가기 좋아요': 1}"
1085540356,646,92.0,4.18,646,"[{'count': 9, 'score': None, '__typename': 'VisitorReviewScore'}, {'count': 1, 'score': None, '__typename': 'VisitorReviewScore'}, {'count': 51, 'score': None, '__typename': 'VisitorReviewScore'}, {'count': 7, 'score': None, '__typename': 'VisitorReviewScore'}, {'count': 3, 'score': None, '__typename': 'VisitorReviewScore'}, {'count': 18, 'score': None, '__typename': 'VisitorReviewScore'}, {'count': 2, 'score': None, '__typename': 'VisitorReviewScore'}, {'count': 11, 'score': None, '__typename': 'VisitorReviewScore'}, {'count': 4, 'score': None, '__typename': 'VisitorReviewScore'}]",412,385,51.0,"{'맛': 375, '만족도': 240, '서비스': 175, '음식량': 33, '분위기': 16, '가격': 9, '목적': 8, '메뉴': 8, '청결도': 7, '위치': 4, '배달': 3, '전망': 1, '주차': 1}","{'곱창': 155, '볶음밥': 34, '안창살': 34, '대창': 27, '계란찜': 27, '한우': 18, '모듬구이': 18, '한우곱창': 17, '순두부': 14, '고기': 13, '찌개': 11, '순두부찌개': 10, '라면': 6, '전골': 6, '특양': 6, '소곱창': 4, '국수': 4, '대창구이': 4, '양대창': 3, '곱창전골': 3, '흑돼지': 3, '맥주': 3, '부추무침': 3, '막창': 2, '모듬곱창': 2, '파김치': 2, '곱도리탕': 2, '김치말이국수': 1, '젤리': 1, '양곱창': 1, '소한마리': 1, '한우대창': 1, '육포': 1, '마라탕': 1}",1932.0,543.0,519.0,"{'음식이 맛있어요': 469, '친절해요': 330, '재료가 신선해요': 228, '매장이 넓어요': 219, '매장이 청결해요': 205, '인테리어가 멋져요': 107, '양이 많아요': 78, '가성비가 좋아요': 74, '단체모임 하기 좋아요': 59, '특별한 메뉴가 있어요': 55, '주차하기 편해요': 53, '특별한 날 가기 좋아요': 28, '뷰가 좋아요': 14, '화장실이 깨끗해요': 10, '혼밥하기 좋아요': 3}"
1199549971,39,21.0,4.67,39,"[{'count': 2, 'score': None, '__typename': 'VisitorReviewScore'}, {'count': 1, 'score': None, '__typename': 'VisitorReviewScore'}]",14,5,2.0,"{'맛': 15, '만족도': 13, '서비스': 4, '분위기': 3, '전망': 1, '가격': 1, '목적': 1}","{'고기': 9, '소고기': 6, '한우': 3, '국수': 2, '김치말이국수': 2, '두부': 1, '돼지고기': 1, '미역국': 1, '소고기미역국': 1, '갈비살': 1, '짬뽕탕': 1}",165.0,37.0,16.0,"{'음식이 맛있어요': 30, '친절해요': 25, '뷰가 좋아요': 23, '재료가 신선해요': 19, '가성비가 좋아요': 17, '매장이 청결해요': 11, '주차하기 편해요': 10, '특별한 날 가기 좋아요': 7, '단체모임 하기 좋아요': 7, '매장이 넓어요': 5, '화장실이 깨끗해요': 5, '인테리어가 멋져요': 3, '양이 많아요': 2, '특별한 메뉴가 있어요': 1}"
1309481215,34,23.0,4.58,34,"[{'count': 5, 'score': None, '__typename': 'VisitorReviewScore'}, {'count': 2, 'score': None, '__typename': 'VisitorReviewScore'}, {'count': 11, 'score': None, '__typename': 'VisitorReviewScore'}, {'count': 1, 'score': None, '__typename': 'VisitorReviewScore'}]",0,20,11.0,"{'맛': 8, '음식량': 2, '만족도': 2, '서비스': 1, '메뉴': 1}","{'냉면': 1, '생갈비': 1, '갈비': 1, '양념갈비': 1, '고기': 1, '갈비탕': 1, '된장찌개': 1}",41.0,16.0,7.0,"{'음식이 맛있어요': 14, '양이 많아요': 8, '재료가 신선해요': 6, '친절해요': 5, '가성비가 좋아요': 5, '단체모임 하기 좋아요': 2, '매장이 넓어요': 1}"
1236843666,61,21.0,4.78,61,"[{'count': 2, 'score': None, '__typename': 'VisitorReviewScore'}, {'count': 4, 'score': None, '__typename': 'VisitorReviewScore'}, {'count': 17, 'score': None, '__typename': 'VisitorReviewScore'}]",23,38,17.0,"{'맛': 26, '만족도': 15, '서비스': 9, '분위기': 3, '목적': 2, '음식량': 1, '배달': 1}","{'라자냐': 9, '치즈': 7, '맥앤치즈': 3, '케이크': 3, '아메리카노': 2, '팔라펠': 2, '퀘사디아': 1, '가정식백반': 1, '와인': 1, '하우스와인': 1, '소고기': 1, '커피': 1, '쿠키': 1, '마늘빵': 1, '샐러드': 1}",149.0,46.0,44.0,"{'음식이 맛있어요': 40, '친절해요': 22, '인테리어가 멋져요': 19, '특별한 메뉴가 있어요': 19, '재료가 신선해요': 12, '매장이 넓어요': 9, '매장이 청결해요': 8, '주차하기 편해요': 6, '화장실이 깨끗해요': 4, '양이 많아요': 2, '가성비가 좋아요': 2, '단체모임 하기 좋아요': 2, '뷰가 좋아요': 2, '혼밥하기 좋아요': 1, '특별한 날 가기 좋아요': 1}"
31161124,199,100.0,4.77,199,"[{'count': 5, 'score': None, '__typename': 'VisitorReviewScore'}, {'count': 1, 'score': None, '__typename': 'VisitorReviewScore'}, {'count': 9, 'score': None, '__typename': 'VisitorReviewScore'}, {'count': 44, 'score': None, '__typename': 'VisitorReviewScore'}]",37,175,44.0,"{'맛': 42, '만족도': 38, '가격': 7, '서비스': 7, '분위기': 3, '메뉴': 3, '목적': 2, '음식량': 1, '예약': 1, '위치': 1}","{'스테이크': 9, '크로와상': 3, '딤섬': 2, '안심스테이크': 2, '갈비': 2, '양갈비': 2, '케이크': 1, '에스프레소': 1, '연어': 1, '새우': 1, '과일': 1, '연어회': 1, '도미': 1, '피자': 1, '파스타': 1, '오일파스타': 1, '탕수육': 1, '게살수프': 1, '쥬스': 1, '당근주스': 1, '랍스터': 1, '짬뽕': 1, '고기': 1, '쌀국수': 1, '가자미': 1, '토스트': 1, '프렌치토스트': 1, '전복': 1, '아이스크림': 1, '바닐라아이스크림': 1, '탄산음료': 1}",392.0,144.0,133.0,"{'음식이 맛있어요': 111, '재료가 신선해요': 59, '메뉴 구성이 알차요': 41, '친절해요': 36, '매장이 넓어요': 30, '특별한 메뉴가 있어요': 30, '매장이 청결해요': 20, '특별한 날 가기 좋아요': 19, '인테리어가 멋져요': 18, '주차하기 편해요': 8, '가성비가 좋아요': 8, '뷰가 좋아요': 8, '단체모임 하기 좋아요': 2, '혼밥하기 좋아요': 1, '화장실이 깨끗해요': 1}"
17077443,180,62.0,4.25,180,"[{'count': 22, 'score': None, '__typename': 'VisitorReviewScore'}, {'count': 2, 'score': None, '__typename': 'VisitorReviewScore'}, {'count': 2, 'score': None, '__typename': 'VisitorReviewScore'}, {'count': 2, 'score': None, '__typename': 'VisitorReviewScore'}, {'count': 3, 'score': None, '__typename': 'VisitorReviewScore'}, {'count': 1, 'score': None, '__typename': 'VisitorReviewScore'}, {'count': 69, 'score': None, '__typename': 'VisitorReviewScore'}, {'count': 2, 'score': None, '__typename': 'VisitorReviewScore'}, {'count': 14, 'score': None, '__typename': 'VisitorReviewScore'}, {'count': 7, 'score': None, '__typename': 'VisitorReviewScore'}]",44,123,69.0,"{'맛': 82, '만족도': 52, '서비스': 30, '음식량': 5, '목적': 3, '가격': 2, '청결도': 2, '위치': 1, '대기시간': 1, '주차': 1}","{'고기': 36, '흑돼지': 21, '오겹살': 8, '한우': 6, '흑돼지오겹살': 5, '육회': 5, '소고기': 4, '된장찌개': 4, '목살': 3, '생고기': 3, '찌개': 3, '차돌박이': 2, '육회비빔밥': 2, '비빔밥': 2, '가정식백반': 2, '삼겹살': 2, '냉면': 2, '돼지고기': 1, '근고기': 1, '파김치': 1, '한우육회': 1, '한우차돌박이': 1, '물회': 1, '육회물회': 1, '콜라': 1, '열무김치': 1, '사이다': 1, '갓김치': 1, '배추김치': 1, '안심': 1, '양념게장': 1, '게장': 1, '콩나물무침': 1, '시금치나물': 1, '돼지갈비': 1, '갈비': 1, '한우모듬': 1}",167.0,67.0,63.0,"{'음식이 맛있어요': 55, '친절해요': 26, '재료가 신선해요': 24, '가성비가 좋아요': 16, '단체모임 하기 좋아요': 8, '혼밥하기 좋아요': 7, '주차하기 편해요': 7, '양이 많아요': 6, '매장이 넓어요': 6, '특별한 날 가기 좋아요': 4, '특별한 메뉴가 있어요': 4, '매장이 청결해요': 3, '화장실이 깨끗해요': 1}"
16899342,300,201.0,4.59,300,"[{'count': 10, 'score': None, '__typename': 'VisitorReviewScore'}, {'count': 45, 'score': None, '__typename': 'VisitorReviewScore'}, {'count': 2, 'score': None, '__typename': 'VisitorReviewScore'}, {'count': 1, 'score': None, '__typename': 'VisitorReviewScore'}, {'count': 147, 'score': None, '__typename': 'VisitorReviewScore'}, {'count': 6, 'score': None, '__typename': 'VisitorReviewScore'}, {'count': 23, 'score': None, '__typename': 'VisitorReviewScore'}]",12,172,147.0,"{'만족도': 27, '맛': 21, '서비스': 20, '목적': 2, '가격': 1, '청결도': 1, '주차': 1}","{'도넛': 6, '베이글': 1, '콜라': 1, '라떼': 1, '아메리카노': 1, '커피': 1}",128.0,70.0,65.0,"{'친절해요': 34, '디저트가 맛있어요': 22, '매장이 청결해요': 19, '커피가 맛있어요': 17, '가성비가 좋아요': 9, '좌석이 편해요': 8, '음료가 맛있어요': 5, '집중하기 좋아요': 4, '대화하기 좋아요': 4, '특별한 메뉴가 있어요': 3, '인테리어가 멋져요': 1, '주차하기 편해요': 1, '뷰가 좋아요': 1}"
1553283413,88,54.0,4.53,88,"[{'count': 3, 'score': None, '__typename': 'VisitorReviewScore'}, {'count': 2, 'score': None, '__typename': 'VisitorReviewScore'}, {'count': 6, 'score': None, '__typename': 'VisitorReviewScore'}, {'count': 34, 'score': None, '__typename': 'VisitorReviewScore'}, {'count': 1, 'score': None, '__typename': 'VisitorReviewScore'}, {'count': 13, 'score': None, '__typename': 'VisitorReviewScore'}]",6,59,34.0,"{'맛': 18, '만족도': 6, '서비스': 2, '가격': 1, '메뉴': 1, '배달': 1}","{'피자': 10, '페퍼로니': 1, '치즈볼': 1, '치즈': 1, '치즈피자': 1, '단호박피자': 1, '핫치킨': 1, '치킨': 1, '콜라': 1, '자몽차': 1}",50.0,29.0,24.0,"{'음식이 맛있어요': 24, '친절해요': 10, '재료가 신선해요': 5, '매장이 청결해요': 4, '주차하기 편해요': 3, '양이 많아요': 1, '가성비가 좋아요': 1, '매장이 넓어요': 1, '화장실이 깨끗해요': 1}"
108145150,235,148.0,4.38,235,"[{'count': 19, 'score': None, '__typename': 'VisitorReviewScore'}, {'count': 39, 'score': None, '__typename': 'VisitorReviewScore'}, {'count': 2, 'score': None, '__typename': 'VisitorReviewScore'}, {'count': 12, 'score': None, '__typename': 'VisitorReviewScore'}, {'count': 75, 'score': None, '__typename': 'VisitorReviewScore'}, {'count': 16, 'score': None, '__typename': 'VisitorReviewScore'}]",31,177,75.0,"{'맛': 52, '만족도': 29, '서비스': 5, '음식량': 3, '분위기': 1, '청결도': 1}","{'순대': 22, '순대국': 16, '국밥': 9, '국수': 8, '고기국수': 7, '순대국밥': 6, '흑돼지': 5, '고기': 3, '치즈': 3, '만두': 2, '깍두기': 1, '철판순대볶음': 1, '철판볶음': 1, '얼큰순대국밥': 1, '모듬순대': 1, '내장국밥': 1, '얼큰순대국': 1, '해장국': 1, '피순대': 1, '찰순대': 1}",128.0,78.0,77.0,"{'음식이 맛있어요': 42, '친절해요': 13, '가성비가 좋아요': 12, '주차하기 편해요': 11, '뷰가 좋아요': 10, '매장이 넓어요': 9, '혼밥하기 좋아요': 8, '재료가 신선해요': 6, '양이 많아요': 5, '특별한 메뉴가 있어요': 5, '인테리어가 멋져요': 3, '매장이 청결해요': 2, '특별한 날 가기 좋아요': 1, '화장실이 깨끗해요': 1}"
1827698364,82,39.0,4.36,82,"[{'count': 1, 'score': None, '__typename': 'VisitorReviewScore'}, {'count': 13, 'score': None, '__typename': 'VisitorReviewScore'}, {'count': 30, 'score': None, '__typename': 'VisitorReviewScore'}, {'count': 7, 'score': None, '__typename': 'VisitorReviewScore'}, {'count': 4, 'score': None, '__typename': 'VisitorReviewScore'}, {'count': 4, 'score': None, '__typename': 'VisitorReviewScore'}]",12,59,30.0,"{'맛': 23, '만족도': 10, '서비스': 4, '음식량': 3, '메뉴': 3, '배달': 2, '대기시간': 1, '위치': 1, '가격': 1}","{'족발': 8, '고기': 2, '통닭': 1, '닭발': 1, '부대찌개': 1, '찌개': 1, '불족발': 1, '해장국': 1, '황태': 1, '황태해장국': 1, '막국수': 1}",46.0,22.0,19.0,"{'음식이 맛있어요': 17, '재료가 신선해요': 8, '매장이 청결해요': 5, '친절해요': 4, '양이 많아요': 4, '매장이 넓어요': 3, '특별한 메뉴가 있어요': 2, '인테리어가 멋져요': 1, '주차하기 편해요': 1, '가성비가 좋아요': 1}"
38711086,401,219.0,4.44,401,"[{'count': 1, 'score': None, '__typename': 'VisitorReviewScore'}, {'count': 4, 'score': None, '__typename': 'VisitorReviewScore'}, {'count': 1, 'score': None, '__typename': 'VisitorReviewScore'}, {'count': 36, 'score': None, '__typename': 'VisitorReviewScore'}, {'count': 11, 'score': None, '__typename': 'VisitorReviewScore'}, {'count': 135, 'score': None, '__typename': 'VisitorReviewScore'}, {'count': 9, 'score': None, '__typename': 'VisitorReviewScore'}, {'count': 2, 'score': None, '__typename': 'VisitorReviewScore'}, {'count': 79, 'score': None, '__typename': 'VisitorReviewScore'}]",49,273,135.0,"{'맛': 124, '만족도': 37, '서비스': 26, '음식량': 5, '가격': 4, '메뉴': 2, '목적': 1, '청결도': 1, '예약': 1}","{'김밥': 73, '치즈': 10, '만두': 9, '참치': 5, '치즈김밥': 5, '참치김밥': 4, '더블치즈김밥': 4, '땡초김밥': 3, '멸치김밥': 2, '라면': 2, '소고기': 2, '장아찌': 1, '청귤에이드': 1, '에이드': 1, '꼬마김밥': 1, '진미채김밥': 1, '고기만두': 1, '김치김밥': 1, '소고기김밥': 1}",319.0,145.0,135.0,"{'음식이 맛있어요': 114, '친절해요': 55, '재료가 신선해요': 54, '가성비가 좋아요': 28, '매장이 청결해요': 19, '특별한 메뉴가 있어요': 17, '양이 많아요': 15, '혼밥하기 좋아요': 12, '주차하기 편해요': 2, '특별한 날 가기 좋아요': 1, '화장실이 깨끗해요': 1, '뷰가 좋아요': 1}"
1766810362,238,83.0,4.43,238,"[{'count': 25, 'score': None, '__typename': 'VisitorReviewScore'}, {'count': 2, 'score': None, '__typename': 'VisitorReviewScore'}, {'count': 2, 'score': None, '__typename': 'VisitorReviewScore'}, {'count': 7, 'score': None, '__typename': 'VisitorReviewScore'}, {'count': 97, 'score': None, '__typename': 'VisitorReviewScore'}, {'count': 8, 'score': None, '__typename': 'VisitorReviewScore'}, {'count': 13, 'score': None, '__typename': 'VisitorReviewScore'}, {'count': 5, 'score': None, '__typename': 'VisitorReviewScore'}]",76,184,97.0,"{'맛': 102, '만족도': 62, '서비스': 48, '음식량': 11, '예약': 6, '목적': 4, '청결도': 3, '가격': 3, '배달': 3, '메뉴': 2, '대기시간': 2, '방역': 1, '위치': 1, '주차': 1}","{'고등어': 83, '고등어회': 72, '갈치': 36, '갈치회': 28, '광어': 8, '방어': 6, '매운탕': 5, '갈치조림': 5, '광어회': 4, '라면': 3, '새우': 2, '생선': 2, '멍게': 2, '부침개': 1, '간장게장': 1, '게장': 1, '소라': 1, '두부': 1, '초콜릿': 1, '방어회': 1, '생선전': 1, '양파장아찌': 1, '장아찌': 1, '찌개': 1, '세꼬시': 1, '한치': 1, '한치회': 1, '해물라면': 1, '우럭': 1}",247.0,88.0,86.0,"{'음식이 맛있어요': 65, '재료가 신선해요': 51, '친절해요': 35, '가성비가 좋아요': 26, '특별한 메뉴가 있어요': 20, '매장이 넓어요': 15, '매장이 청결해요': 12, '양이 많아요': 10, '단체모임 하기 좋아요': 4, '화장실이 깨끗해요': 4, '혼밥하기 좋아요': 2, '인테리어가 멋져요': 2, '특별한 날 가기 좋아요': 1}"
11712294,173,95.0,4.37,173,"[{'count': 1, 'score': None, '__typename': 'VisitorReviewScore'}, {'count': 24, 'score': None, '__typename': 'VisitorReviewScore'}, {'count': 1, 'score': None, '__typename': 'VisitorReviewScore'}, {'count': 60, 'score': None, '__typename': 'VisitorReviewScore'}, {'count': 3, 'score': None, '__typename': 'VisitorReviewScore'}, {'count': 4, 'score': None, '__typename': 'VisitorReviewScore'}, {'count': 6, 'score': None, '__typename': 'VisitorReviewScore'}, {'count': 2, 'score': None, '__typename': 'VisitorReviewScore'}, {'count': 12, 'score': None, '__typename': 'VisitorReviewScore'}]",14,127,60.0,"{'맛': 53, '만족도': 32, '서비스': 25, '청결도': 8, '음식량': 6, '가격': 2, '대기시간': 1, '분위기': 1, '메뉴': 1}","{'흑돼지': 16, '고기': 10, '오겹살': 7, '흑돼지오겹살': 5, '빈대떡': 4, '두루치기': 3, '삼겹살': 3, '막걸리': 2, '돼지주물럭': 2, '옥돔': 2, '불고기': 1, '제육': 1, '제육볶음': 1, '돌솥밥': 1, '볶음밥': 1, '비빔밥': 1, '돼지고기': 1}",139.0,63.0,60.0,"{'음식이 맛있어요': 55, '친절해요': 20, '재료가 신선해요': 13, '양이 많아요': 12, '주차하기 편해요': 10, '가성비가 좋아요': 9, '매장이 청결해요': 7, '특별한 메뉴가 있어요': 3, '단체모임 하기 좋아요': 3, '혼밥하기 좋아요': 2, '매장이 넓어요': 2, '화장실이 깨끗해요': 2, '인테리어가 멋져요': 1}"
16897702,286,85.0,4.63,286,"[{'count': 1, 'score': None, '__typename': 'VisitorReviewScore'}, {'count': 1, 'score': None, '__typename': 'VisitorReviewScore'}, {'count': 91, 'score': None, '__typename': 'VisitorReviewScore'}, {'count': 3, 'score': None, '__typename': 'VisitorReviewScore'}, {'count': 16, 'score': None, '__typename': 'VisitorReviewScore'}, {'count': 10, 'score': None, '__typename': 'VisitorReviewScore'}, {'count': 11, 'score': None, '__typename': 'VisitorReviewScore'}]",95,207,91.0,"{'맛': 144, '만족도': 84, '서비스': 76, '음식량': 9, '목적': 3, '가격': 3, '분위기': 1, '청결도': 1}","{'고기': 67, '흑돼지': 58, '국수': 23, '열무국수': 21, '계란찜': 18, '오겹살': 15, '찌개': 14, '된장찌개': 13, '목살': 10, '흑돼지오겹살': 8, '명이나물': 5, '냉면': 3, '돼지고기': 3, '열무김치': 3, '열무냉면': 2, '생고기': 2, '옥수수': 1, '샐러드': 1, '삼겹살': 1}",538.0,173.0,170.0,"{'음식이 맛있어요': 149, '재료가 신선해요': 90, '친절해요': 89, '양이 많아요': 66, '가성비가 좋아요': 52, '특별한 메뉴가 있어요': 26, '매장이 청결해요': 19, '단체모임 하기 좋아요': 17, '매장이 넓어요': 16, '화장실이 깨끗해요': 5, '인테리어가 멋져요': 4, '주차하기 편해요': 2, '뷰가 좋아요': 2, '혼밥하기 좋아요': 1}"
16902228,111,70.0,4.4,111,"[{'count': 10, 'score': None, '__typename': 'VisitorReviewScore'}, {'count': 1, 'score': None, '__typename': 'VisitorReviewScore'}, {'count': 8, 'score': None, '__typename': 'VisitorReviewScore'}, {'count': 1, 'score': None, '__typename': 'VisitorReviewScore'}, {'count': 32, 'score': None, '__typename': 'VisitorReviewScore'}, {'count': 3, 'score': None, '__typename': 'VisitorReviewScore'}, {'count': 3, 'score': None, '__typename': 'VisitorReviewScore'}, {'count': 1, 'score': None, '__typename': 'VisitorReviewScore'}]",9,77,32.0,"{'맛': 22, '만족도': 10, '서비스': 7, '메뉴': 1}","{'고기': 6, '흑돼지': 3, '게장': 3, '갈비': 3, '육회': 2, '냉면': 2, '껍데기': 2, '양념게장': 2, '찌개': 2, '소갈비': 2, '돼지갈비': 1, '된장찌개': 1, '돼지껍데기': 1, '밥집': 1, '김치찌개': 1, '삼겹살': 1, '오겹살': 1, '돼지고기': 1, '비빔냉면': 1}",114.0,56.0,53.0,"{'음식이 맛있어요': 44, '재료가 신선해요': 13, '친절해요': 13, '양이 많아요': 11, '매장이 넓어요': 10, '단체모임 하기 좋아요': 9, '가성비가 좋아요': 8, '화장실이 깨끗해요': 2, '주차하기 편해요': 1, '특별한 메뉴가 있어요': 1, '매장이 청결해요': 1, '뷰가 좋아요': 1}"
902544894,195,131.0,4.27,195,"[{'count': 53, 'score': None, '__typename': 'VisitorReviewScore'}, {'count': 11, 'score': None, '__typename': 'VisitorReviewScore'}, {'count': 34, 'score': None, '__typename': 'VisitorReviewScore'}, {'count': 2, 'score': None, '__typename': 'VisitorReviewScore'}, {'count': 1, 'score': None, '__typename': 'VisitorReviewScore'}, {'count': 12, 'score': None, '__typename': 'VisitorReviewScore'}, {'count': 1, 'score': None, '__typename': 'VisitorReviewScore'}, {'count': 10, 'score': None, '__typename': 'VisitorReviewScore'}]",13,140,53.0,"{'맛': 28, '만족도': 20, '서비스': 4, '음식량': 1}","{'국밥': 7, '굴국밥': 6, '해장국': 3, '굴해장국': 2, '깍두기': 1, '매생이굴국밥': 1}",136.0,74.0,71.0,"{'음식이 맛있어요': 45, '친절해요': 21, '혼밥하기 좋아요': 17, '재료가 신선해요': 9, '가성비가 좋아요': 9, '매장이 넓어요': 9, '매장이 청결해요': 9, '양이 많아요': 8, '주차하기 편해요': 5, '단체모임 하기 좋아요': 3, '화장실이 깨끗해요': 1}"
17046344,205,151.0,4.4,205,"[{'count': 4, 'score': None, '__typename': 'VisitorReviewScore'}, {'count': 35, 'score': None, '__typename': 'VisitorReviewScore'}, {'count': 1, 'score': None, '__typename': 'VisitorReviewScore'}, {'count': 8, 'score': None, '__typename': 'VisitorReviewScore'}, {'count': 16, 'score': None, '__typename': 'VisitorReviewScore'}, {'count': 64, 'score': None, '__typename': 'VisitorReviewScore'}, {'count': 1, 'score': None, '__typename': 'VisitorReviewScore'}, {'count': 2, 'score': None, '__typename': 'VisitorReviewScore'}]",4,150,64.0,"{'만족도': 18, '맛': 14, '서비스': 5, '메뉴': 1, '대기시간': 1, '분위기': 1, '음식량': 1}","{'김밥': 7, '참치김밥': 3, '참치': 3, '라면': 2, '고추참치김밥': 1, '떡라면': 1, '소고기김밥': 1, '소고기': 1, '원조김밥': 1}",147.0,79.0,66.0,"{'음식이 맛있어요': 50, '혼밥하기 좋아요': 30, '친절해요': 22, '양이 많아요': 11, '가성비가 좋아요': 9, '재료가 신선해요': 8, '매장이 넓어요': 7, '매장이 청결해요': 7, '인테리어가 멋져요': 1, '특별한 날 가기 좋아요': 1, '특별한 메뉴가 있어요': 1}"
1106650966,246,78.0,4.54,246,"[{'count': 120, 'score': None, '__typename': 'VisitorReviewScore'}, {'count': 9, 'score': None, '__typename': 'VisitorReviewScore'}, {'count': 1, 'score': None, '__typename': 'VisitorReviewScore'}, {'count': 4, 'score': None, '__typename': 'VisitorReviewScore'}, {'count': 3, 'score': None, '__typename': 'VisitorReviewScore'}, {'count': 22, 'score': None, '__typename': 'VisitorReviewScore'}, {'count': 3, 'score': None, '__typename': 'VisitorReviewScore'}, {'count': 2, 'score': None, '__typename': 'VisitorReviewScore'}, {'count': 15, 'score': None, '__typename': 'VisitorReviewScore'}]",39,183,120.0,"{'맛': 110, '만족도': 92, '서비스': 44, '목적': 9, '메뉴': 8, '음식량': 7, '청결도': 5, '가격': 4, '위치': 2, '대기시간': 1}","{'고기': 25, '찌개': 18, '갈비': 18, '김치찌개': 13, '갈비찜': 13, '오겹살': 12, '흑돼지': 10, '갈비탕': 9, '부대찌개': 7, '소갈비': 7, '가정식백반': 7, '소갈비찜': 6, '닭볶음탕': 5, '두루치기': 5, '왕갈비탕': 5, '왕갈비': 5, '매운소갈비찜': 4, '매운갈비': 4, '흑돼지김치찌개': 3, '곱창': 3, '막창': 3, '매운갈비찜': 3, '대창': 2, '소곱창': 2, '떡갈비': 2, '제육볶음': 2, '제육': 2, '백반': 2, '소막창': 2, '돌솥밥': 2, '계란찜': 2, '밥집': 2, '물냉면': 1, '차돌된장찌개': 1, '된장찌개': 1, '차돌박이': 1, '전골': 1, '곱창전골': 1, '소곱창전골': 1, '닭볶음': 1, '맥주': 1, '동그랑땡': 1, '라면': 1, '돼지고기': 1, '볶음밥': 1, '깍두기': 1, '불고기': 1}",338.0,103.0,98.0,"{'음식이 맛있어요': 77, '친절해요': 52, '가성비가 좋아요': 40, '양이 많아요': 39, '재료가 신선해요': 33, '매장이 청결해요': 25, '주차하기 편해요': 15, '단체모임 하기 좋아요': 15, '특별한 메뉴가 있어요': 11, '매장이 넓어요': 10, '혼밥하기 좋아요': 8, '인테리어가 멋져요': 4, '특별한 날 가기 좋아요': 4, '뷰가 좋아요': 3, '화장실이 깨끗해요': 2}"
1647369941,300,117.0,4.38,300,"[{'count': 2, 'score': None, '__typename': 'VisitorReviewScore'}, {'count': 3, 'score': None, '__typename': 'VisitorReviewScore'}, {'count': 3, 'score': None, '__typename': 'VisitorReviewScore'}, {'count': 13, 'score': None, '__typename': 'VisitorReviewScore'}, {'count': 4, 'score': None, '__typename': 'VisitorReviewScore'}, {'count': 114, 'score': None, '__typename': 'VisitorReviewScore'}, {'count': 10, 'score': None, '__typename': 'VisitorReviewScore'}, {'count': 2, 'score': None, '__typename': 'VisitorReviewScore'}, {'count': 39, 'score': None, '__typename': 'VisitorReviewScore'}, {'count': 3, 'score': None, '__typename': 'VisitorReviewScore'}]",66,195,114.0,"{'맛': 107, '만족도': 68, '서비스': 37, '청결도': 6, '가격': 4, '분위기': 3, '음식량': 2, '배달': 1, '방역': 1}","{'마라탕': 59, '꿔바로우': 14, '마라샹궈': 6, '훠궈': 6, '꼬치': 4, '소고기': 2, '만두': 1, '튀김': 1, '튀김만두': 1, '어묵': 1, '고기': 1, '크랩': 1, '양꼬치': 1, '소세지': 1}",317.0,117.0,98.0,"{'음식이 맛있어요': 81, '친절해요': 47, '재료가 신선해요': 46, '매장이 넓어요': 32, '매장이 청결해요': 26, '양이 많아요': 24, '가성비가 좋아요': 18, '혼밥하기 좋아요': 12, '특별한 메뉴가 있어요': 11, '인테리어가 멋져요': 5, '화장실이 깨끗해요': 5, '뷰가 좋아요': 5, '특별한 날 가기 좋아요': 2, '단체모임 하기 좋아요': 2, '주차하기 편해요': 1}"
1194860978,76,34.0,4.53,76,"[{'count': 1, 'score': None, '__typename': 'VisitorReviewScore'}, {'count': 7, 'score': None, '__typename': 'VisitorReviewScore'}, {'count': 28, 'score': None, '__typename': 'VisitorReviewScore'}, {'count': 1, 'score': None, '__typename': 'VisitorReviewScore'}, {'count': 1, 'score': None, '__typename': 'VisitorReviewScore'}, {'count': 1, 'score': None, '__typename': 'VisitorReviewScore'}, {'count': 7, 'score': None, '__typename': 'VisitorReviewScore'}]",26,49,28.0,"{'맛': 34, '만족도': 18, '서비스': 9, '음식량': 5, '청결도': 2, '분위기': 2, '대기시간': 1, '방역': 1}","{'물회': 4, '옥돔': 3, '옥돔구이': 3, '성게미역국': 2, '미역국': 2, '가정식백반': 2, '전복': 1, '전복구이': 1, '덮밥': 1, '보말칼국수': 1, '보말': 1, '칼국수': 1, '문어': 1, '해물전': 1, '새우': 1, '빙수': 1, '부추전': 1, '밥집': 1, '막걸리': 1}",109.0,37.0,35.0,"{'음식이 맛있어요': 32, '재료가 신선해요': 14, '친절해요': 13, '특별한 메뉴가 있어요': 12, '매장이 청결해요': 10, '인테리어가 멋져요': 6, '가성비가 좋아요': 6, '뷰가 좋아요': 5, '혼밥하기 좋아요': 3, '양이 많아요': 3, '주차하기 편해요': 3, '매장이 넓어요': 1, '화장실이 깨끗해요': 1}"
1030591493,13,7.0,0.0,13,[],1,2,,"{'맛': 3, '만족도': 2}","{'김밥': 2, '참치': 1, '국수': 1}",25.0,12.0,11.0,"{'음식이 맛있어요': 7, '재료가 신선해요': 4, '친절해요': 4, '혼밥하기 좋아요': 3, '매장이 청결해요': 3, '가성비가 좋아요': 1, '매장이 넓어요': 1, '특별한 메뉴가 있어요': 1, '뷰가 좋아요': 1}"
19877579,344,201.0,4.21,344,"[{'count': 8, 'score': None, '__typename': 'VisitorReviewScore'}, {'count': 6, 'score': None, '__typename': 'VisitorReviewScore'}, {'count': 63, 'score': None, '__typename': 'VisitorReviewScore'}, {'count': 20, 'score': None, '__typename': 'VisitorReviewScore'}, {'count': 32, 'score': None, '__typename': 'VisitorReviewScore'}, {'count': 2, 'score': None, '__typename': 'VisitorReviewScore'}, {'count': 20, 'score': None, '__typename': 'VisitorReviewScore'}, {'count': 116, 'score': None, '__typename': 'VisitorReviewScore'}, {'count': 1, 'score': None, '__typename': 'VisitorReviewScore'}, {'count': 2, 'score': None, '__typename': 'VisitorReviewScore'}]",38,277,116.0,"{'맛': 83, '만족도': 50, '가격': 18, '서비스': 14, '음식량': 6, '청결도': 1, '메뉴': 1, '위치': 1, '목적': 1}","{'두루치기': 39, '순대': 22, '국수': 17, '순대국': 13, '고기': 11, '삼겹살': 8, '멸치국수': 7, '생고기': 5, '목살': 2, '흑돼지': 2, '백반': 2, '순대국밥': 2, '국밥': 2, '볶음밥': 1, '막걸리': 1, '무생채': 1, '피순대': 1, '돼지고기': 1, '밥집': 1, '돼지두루치기': 1, '오겹살': 1, '근고기': 1, '잔치국수': 1, '곱창': 1, '찌개': 1, '제육': 1}",167.0,80.0,78.0,"{'음식이 맛있어요': 50, '가성비가 좋아요': 33, '친절해요': 19, '주차하기 편해요': 10, '특별한 메뉴가 있어요': 10, '재료가 신선해요': 9, '양이 많아요': 9, '매장이 청결해요': 9, '매장이 넓어요': 8, '혼밥하기 좋아요': 4, '단체모임 하기 좋아요': 2, '화장실이 깨끗해요': 2, '특별한 날 가기 좋아요': 1, '뷰가 좋아요': 1}"
21173591,1,1.0,4.0,1,"[{'count': 1, 'score': None, '__typename': 'VisitorReviewScore'}]",0,1,1.0,{},{},,,,
1517193687,22,5.0,0.0,22,[],5,9,,"{'맛': 12, '만족도': 6, '서비스': 4, '대기시간': 2, '분위기': 1, '가격': 1, '청결도': 1}","{'닭목살': 1, '목살': 1, '숯불닭갈비': 1, '닭갈비': 1, '닭고기': 1}",69.0,21.0,21.0,"{'음식이 맛있어요': 18, '재료가 신선해요': 10, '주차하기 편해요': 8, '친절해요': 7, '가성비가 좋아요': 6, '양이 많아요': 5, '단체모임 하기 좋아요': 5, '특별한 메뉴가 있어요': 3, '매장이 청결해요': 3, '매장이 넓어요': 2, '혼밥하기 좋아요': 1, '특별한 날 가기 좋아요': 1}"
36333194,471,236.0,4.36,471,"[{'count': 2, 'score': None, '__typename': 'VisitorReviewScore'}, {'count': 4, 'score': None, '__typename': 'VisitorReviewScore'}, {'count': 76, 'score': None, '__typename': 'VisitorReviewScore'}, {'count': 16, 'score': None, '__typename': 'VisitorReviewScore'}, {'count': 39, 'score': None, '__typename': 'VisitorReviewScore'}, {'count': 5, 'score': None, '__typename': 'VisitorReviewScore'}, {'count': 13, 'score': None, '__typename': 'VisitorReviewScore'}, {'count': 4, 'score': None, '__typename': 'VisitorReviewScore'}, {'count': 159, 'score': None, '__typename': 'VisitorReviewScore'}, {'count': 1, 'score': None, '__typename': 'VisitorReviewScore'}]",99,345,159.0,"{'만족도': 110, '맛': 110, '전망': 37, '서비스': 31, '분위기': 18, '가격': 17, '메뉴': 5, '목적': 3, '청결도': 3, '음식량': 2, '주차': 1, '예약': 1}","{'피자': 18, '파스타': 16, '커피': 11, '쌀국수': 8, '스테이크': 7, '치즈': 3, '스무디': 2, '망고스무디': 2, '샐러드': 2, '와인': 2, '안심': 2, '아메리카노': 2, '크림파스타': 2, '단호박파스타': 2, '칼조네': 1, '까르보나라': 1, '고기': 1, '빠에야': 1, '해산물쌀국수': 1, '등심': 1, '안심스테이크': 1, '등심스테이크': 1, '뽀모도로': 1, '아라비아따': 1, '고르곤졸라피자': 1, '고르곤졸라': 1, '모히또': 1, '시금치피자': 1, '콜라': 1, '화덕피자': 1, '짜장면': 1, '리코타치즈': 1, '리코타치즈샐러드': 1, '소면': 1, '볶음밥': 1, '감자튀김': 1, '튀김': 1, '생맥주': 1, '에이드': 1, '디아블로피자': 1}",540.0,177.0,162.0,"{'뷰가 좋아요': 106, '음식이 맛있어요': 101, '인테리어가 멋져요': 73, '매장이 넓어요': 39, '친절해요': 37, '특별한 날 가기 좋아요': 34, '특별한 메뉴가 있어요': 32, '매장이 청결해요': 31, '재료가 신선해요': 30, '주차하기 편해요': 26, '양이 많아요': 9, '화장실이 깨끗해요': 8, '단체모임 하기 좋아요': 7, '가성비가 좋아요': 5, '혼밥하기 좋아요': 2}"
1474815149,459,29.0,4.92,459,"[{'count': 6, 'score': None, '__typename': 'VisitorReviewScore'}, {'count': 7, 'score': None, '__typename': 'VisitorReviewScore'}, {'count': 1, 'score': None, '__typename': 'VisitorReviewScore'}, {'count': 241, 'score': None, '__typename': 'VisitorReviewScore'}, {'count': 1, 'score': None, '__typename': 'VisitorReviewScore'}, {'count': 1, 'score': None, '__typename': 'VisitorReviewScore'}]",108,343,241.0,"{'맛': 352, '만족도': 229, '서비스': 122, '음식량': 40, '청결도': 20, '가격': 10, '분위기': 7, '위치': 4, '목적': 4, '메뉴': 3, '배달': 1}","{'고기': 161, '흑돼지': 130, '갈비': 79, '양념갈비': 65, '오겹살': 57, '냉면': 34, '흑돼지오겹살': 25, '찌개': 22, '껍데기': 19, '김치찌개': 15, '목살': 15, '삼겹살': 6, '된장찌개': 5, '대패삼겹살': 5, '막걸리': 5, '항정살': 4, '비빔냉면': 4, '비빔국수': 4, '국수': 4, '돼지고기': 4, '소고기': 3, '안심': 3, '후식냉면': 3, '돼지껍데기': 3, '물냉면': 3, '흑돼지김치찌개': 2, '돼지갈비': 2, '맥주': 1, '파김치': 1, '파무침': 1, '계란탕': 1, '밥집': 1, '가브리살': 1, '생고기': 1, '흑돼지구이': 1, '양념갈비살': 1, '갈비살': 1, 'la갈비': 1, '돼지고기구이': 1}",940.0,263.0,248.0,"{'음식이 맛있어요': 187, '친절해요': 134, '재료가 신선해요': 123, '매장이 청결해요': 96, '양이 많아요': 89, '인테리어가 멋져요': 85, '가성비가 좋아요': 67, '특별한 메뉴가 있어요': 61, '특별한 날 가기 좋아요': 29, '화장실이 깨끗해요': 27, '매장이 넓어요': 19, '단체모임 하기 좋아요': 11, '혼밥하기 좋아요': 6, '주차하기 편해요': 6}"
16975817,94,69.0,4.37,94,"[{'count': 16, 'score': None, '__typename': 'VisitorReviewScore'}, {'count': 6, 'score': None, '__typename': 'VisitorReviewScore'}, {'count': 3, 'score': None, '__typename': 'VisitorReviewScore'}, {'count': 38, 'score': None, '__typename': 'VisitorReviewScore'}, {'count': 3, 'score': None, '__typename': 'VisitorReviewScore'}, {'count': 2, 'score': None, '__typename': 'VisitorReviewScore'}, {'count': 1, 'score': None, '__typename': 'VisitorReviewScore'}]",6,64,38.0,"{'맛': 9, '만족도': 8, '서비스': 2, '주차': 1}","{'감자탕': 2, '뼈다귀탕': 1, '고기': 1, '볶음밥': 1}",63.0,26.0,21.0,"{'음식이 맛있어요': 17, '주차하기 편해요': 7, '재료가 신선해요': 5, '친절해요': 5, '양이 많아요': 5, '매장이 넓어요': 5, '혼밥하기 좋아요': 3, '매장이 청결해요': 3, '화장실이 깨끗해요': 3, '가성비가 좋아요': 2, '특별한 날 가기 좋아요': 2, '단체모임 하기 좋아요': 2, '뷰가 좋아요': 2, '인테리어가 멋져요': 1, '특별한 메뉴가 있어요': 1}"
1918330928,151,63.0,4.61,151,"[{'count': 31, 'score': None, '__typename': 'VisitorReviewScore'}, {'count': 1, 'score': None, '__typename': 'VisitorReviewScore'}, {'count': 4, 'score': None, '__typename': 'VisitorReviewScore'}, {'count': 1, 'score': None, '__typename': 'VisitorReviewScore'}, {'count': 4, 'score': None, '__typename': 'VisitorReviewScore'}, {'count': 1, 'score': None, '__typename': 'VisitorReviewScore'}, {'count': 2, 'score': None, '__typename': 'VisitorReviewScore'}]",46,83,31.0,"{'맛': 61, '만족도': 43, '서비스': 23, '음식량': 7, '전망': 7, '가격': 5, '예약': 3, '목적': 2, '청결도': 2, '분위기': 1, '주차': 1, '메뉴': 1, '위치': 1, '배달': 1, '대기시간': 1}","{'스테이크': 39, '커피': 10, '안심스테이크': 8, '고기': 7, '안심': 7, '파스타': 5, '샐러드': 4, '치킨': 4, '생선': 4, '생선까스': 4, '맥주': 2, '찹스테이크': 1, '피클': 1, '덮밥': 1, '스테이크덮밥': 1, '치즈볼': 1, '치즈': 1, '크림파스타': 1, '와인': 1, '아메리카노': 1, '탄산음료': 1}",331.0,119.0,114.0,"{'음식이 맛있어요': 89, '뷰가 좋아요': 51, '친절해요': 50, '가성비가 좋아요': 40, '재료가 신선해요': 25, '매장이 청결해요': 15, '주차하기 편해요': 13, '인테리어가 멋져요': 11, '양이 많아요': 11, '특별한 메뉴가 있어요': 11, '특별한 날 가기 좋아요': 7, '혼밥하기 좋아요': 4, '매장이 넓어요': 2, '단체모임 하기 좋아요': 1, '화장실이 깨끗해요': 1}"
1587962652,95,42.0,4.2,95,"[{'count': 5, 'score': None, '__typename': 'VisitorReviewScore'}, {'count': 34, 'score': None, '__typename': 'VisitorReviewScore'}, {'count': 2, 'score': None, '__typename': 'VisitorReviewScore'}, {'count': 17, 'score': None, '__typename': 'VisitorReviewScore'}, {'count': 4, 'score': None, '__typename': 'VisitorReviewScore'}, {'count': 4, 'score': None, '__typename': 'VisitorReviewScore'}, {'count': 3, 'score': None, '__typename': 'VisitorReviewScore'}, {'count': 1, 'score': None, '__typename': 'VisitorReviewScore'}]",16,73,34.0,"{'맛': 36, '만족도': 22, '서비스': 11, '음식량': 9, '청결도': 2, '목적': 2, '주차': 2, '위치': 1, '가격': 1, '예약': 1}","{'갈치': 27, '갈치조림': 19, '미역국': 6, '성게미역국': 4, '갈치구이': 4, '해물뚝배기': 3, '고등어구이': 2, '옥돔': 2, '가정식백반': 1, '바지락': 1, '전복뚝배기': 1, '전복': 1, '떡볶이': 1, '고등어': 1, '생선': 1, '갈치국': 1, '옥돔구이': 1}",106.0,37.0,36.0,"{'음식이 맛있어요': 24, '재료가 신선해요': 16, '친절해요': 15, '양이 많아요': 15, '가성비가 좋아요': 12, '주차하기 편해요': 7, '매장이 넓어요': 5, '매장이 청결해요': 5, '단체모임 하기 좋아요': 3, '특별한 메뉴가 있어요': 2, '혼밥하기 좋아요': 1, '특별한 날 가기 좋아요': 1}"
