id,visitorReviewsTotal,ratingReviewsTotal,avgRating,rating_total_count,Counts_per_Scores,imageReviewCount,authorCount,maxSingleReviewScoreCount,votedKeywords_totalCount,votedKeywords_reviewCount,votedKeywords_userCount
19873758,2930,1718,4.26,2930,"[{'count': 468, 'score': None, '__typename': 'VisitorReviewScore'}, {'count': 21, 'score': None, '__typename': 'VisitorReviewScore'}, {'count': 32, 'score': None, '__typename': 'VisitorReviewScore'}, {'count': 26, 'score': None, '__typename': 'VisitorReviewScore'}, {'count': 136, 'score': None, '__typename': 'VisitorReviewScore'}, {'count': 6, 'score': None, '__typename': 'VisitorReviewScore'}, {'count': 901, 'score': None, '__typename': 'VisitorReviewScore'}, {'count': 123, 'score': None, '__typename': 'VisitorReviewScore'}, {'count': 33, 'score': None, '__typename': 'VisitorReviewScore'}, {'count': 207, 'score': None, '__typename': 'VisitorReviewScore'}]",357,2314,901.0,1821,1017,988
19873447,2711,1357,4.46,2711,"[{'count': 9, 'score': None, '__typename': 'VisitorReviewScore'}, {'count': 17, 'score': None, '__typename': 'VisitorReviewScore'}, {'count': 81, 'score': None, '__typename': 'VisitorReviewScore'}, {'count': 77, 'score': None, '__typename': 'VisitorReviewScore'}, {'count': 10, 'score': None, '__typename': 'VisitorReviewScore'}, {'count': 18, 'score': None, '__typename': 'VisitorReviewScore'}, {'count': 1002, 'score': None, '__typename': 'VisitorReviewScore'}, {'count': 213, 'score': None, '__typename': 'VisitorReviewScore'}, {'count': 359, 'score': None, '__typename': 'VisitorReviewScore'}, {'count': 9, 'score': None, '__typename': 'VisitorReviewScore'}]",542,2070,1002.0,2111,1004,964
1927504039,2058,729,4.53,2058,"[{'count': 15, 'score': None, '__typename': 'VisitorReviewScore'}, {'count': 178, 'score': None, '__typename': 'VisitorReviewScore'}, {'count': 2, 'score': None, '__typename': 'VisitorReviewScore'}, {'count': 132, 'score': None, '__typename': 'VisitorReviewScore'}, {'count': 14, 'score': None, '__typename': 'VisitorReviewScore'}, {'count': 44, 'score': None, '__typename': 'VisitorReviewScore'}, {'count': 785, 'score': None, '__typename': 'VisitorReviewScore'}, {'count': 51, 'score': None, '__typename': 'VisitorReviewScore'}, {'count': 10, 'score': None, '__typename': 'VisitorReviewScore'}, {'count': 8, 'score': None, '__typename': 'VisitorReviewScore'}]",355,1578,785.0,2322,888,853
37060300,6087,3343,4.38,6087,"[{'count': 201, 'score': None, '__typename': 'VisitorReviewScore'}, {'count': 474, 'score': None, '__typename': 'VisitorReviewScore'}, {'count': 1963, 'score': None, '__typename': 'VisitorReviewScore'}, {'count': 32, 'score': None, '__typename': 'VisitorReviewScore'}, {'count': 50, 'score': None, '__typename': 'VisitorReviewScore'}, {'count': 17, 'score': None, '__typename': 'VisitorReviewScore'}, {'count': 990, 'score': None, '__typename': 'VisitorReviewScore'}, {'count': 248, 'score': None, '__typename': 'VisitorReviewScore'}, {'count': 21, 'score': None, '__typename': 'VisitorReviewScore'}, {'count': 23, 'score': None, '__typename': 'VisitorReviewScore'}]",1033,4801,1963.0,4937,2257,2190
13434137,2486,1219,4.53,2486,"[{'count': 65, 'score': None, '__typename': 'VisitorReviewScore'}, {'count': 930, 'score': None, '__typename': 'VisitorReviewScore'}, {'count': 186, 'score': None, '__typename': 'VisitorReviewScore'}, {'count': 13, 'score': None, '__typename': 'VisitorReviewScore'}, {'count': 8, 'score': None, '__typename': 'VisitorReviewScore'}, {'count': 3, 'score': None, '__typename': 'VisitorReviewScore'}, {'count': 7, 'score': None, '__typename': 'VisitorReviewScore'}, {'count': 298, 'score': None, '__typename': 'VisitorReviewScore'}, {'count': 10, 'score': None, '__typename': 'VisitorReviewScore'}, {'count': 54, 'score': None, '__typename': 'VisitorReviewScore'}]",528,1906,930.0,2155,991,963
13418405,13012,7249,4.41,13012,"[{'count': 421, 'score': None, '__typename': 'VisitorReviewScore'}, {'count': 4497, 'score': None, '__typename': 'VisitorReviewScore'}, {'count': 466, 'score': None, '__typename': 'VisitorReviewScore'}, {'count': 66, 'score': None, '__typename': 'VisitorReviewScore'}, {'count': 53, 'score': None, '__typename': 'VisitorReviewScore'}, {'count': 1872, 'score': None, '__typename': 'VisitorReviewScore'}, {'count': 97, 'score': None, '__typename': 'VisitorReviewScore'}, {'count': 31, 'score': None, '__typename': 'VisitorReviewScore'}, {'count': 82, 'score': None, '__typename': 'VisitorReviewScore'}, {'count': 939, 'score': None, '__typename': 'VisitorReviewScore'}]",1949,9894,4497.0,8397,4685,4510
1011125170,7399,3869,4.31,7399,"[{'count': 2359, 'score': None, '__typename': 'VisitorReviewScore'}, {'count': 64, 'score': None, '__typename': 'VisitorReviewScore'}, {'count': 280, 'score': None, '__typename': 'VisitorReviewScore'}, {'count': 103, 'score': None, '__typename': 'VisitorReviewScore'}, {'count': 38, 'score': None, '__typename': 'VisitorReviewScore'}, {'count': 71, 'score': None, '__typename': 'VisitorReviewScore'}, {'count': 953, 'score': None, '__typename': 'VisitorReviewScore'}, {'count': 473, 'score': None, '__typename': 'VisitorReviewScore'}, {'count': 235, 'score': None, '__typename': 'VisitorReviewScore'}, {'count': 19, 'score': None, '__typename': 'VisitorReviewScore'}]",921,5531,2359.0,4341,2871,2735
1000671392,5183,2859,4.39,5183,"[{'count': 10, 'score': None, '__typename': 'VisitorReviewScore'}, {'count': 46, 'score': None, '__typename': 'VisitorReviewScore'}, {'count': 27, 'score': None, '__typename': 'VisitorReviewScore'}, {'count': 730, 'score': None, '__typename': 'VisitorReviewScore'}, {'count': 201, 'score': None, '__typename': 'VisitorReviewScore'}, {'count': 1585, 'score': None, '__typename': 'VisitorReviewScore'}, {'count': 168, 'score': None, '__typename': 'VisitorReviewScore'}, {'count': 364, 'score': None, '__typename': 'VisitorReviewScore'}, {'count': 15, 'score': None, '__typename': 'VisitorReviewScore'}, {'count': 12, 'score': None, '__typename': 'VisitorReviewScore'}]",768,3792,1585.0,3852,2147,2045
16886040,9189,5295,4.5,9189,"[{'count': 8, 'score': None, '__typename': 'VisitorReviewScore'}, {'count': 38, 'score': None, '__typename': 'VisitorReviewScore'}, {'count': 10, 'score': None, '__typename': 'VisitorReviewScore'}, {'count': 21, 'score': None, '__typename': 'VisitorReviewScore'}, {'count': 239, 'score': None, '__typename': 'VisitorReviewScore'}, {'count': 1365, 'score': None, '__typename': 'VisitorReviewScore'}, {'count': 257, 'score': None, '__typename': 'VisitorReviewScore'}, {'count': 3116, 'score': None, '__typename': 'VisitorReviewScore'}, {'count': 725, 'score': None, '__typename': 'VisitorReviewScore'}, {'count': 17, 'score': None, '__typename': 'VisitorReviewScore'}]",896,6432,3116.0,6102,3697,3351
1296235294,3165,1592,4.63,3165,"[{'count': 3, 'score': None, '__typename': 'VisitorReviewScore'}, {'count': 65, 'score': None, '__typename': 'VisitorReviewScore'}, {'count': 4, 'score': None, '__typename': 'VisitorReviewScore'}, {'count': 61, 'score': None, '__typename': 'VisitorReviewScore'}, {'count': 14, 'score': None, '__typename': 'VisitorReviewScore'}, {'count': 313, 'score': None, '__typename': 'VisitorReviewScore'}, {'count': 4, 'score': None, '__typename': 'VisitorReviewScore'}, {'count': 204, 'score': None, '__typename': 'VisitorReviewScore'}, {'count': 4, 'score': None, '__typename': 'VisitorReviewScore'}, {'count': 1294, 'score': None, '__typename': 'VisitorReviewScore'}]",619,2364,1294.0,3050,1341,1281
11840561,2203,1218,4.15,2203,"[{'count': 26, 'score': None, '__typename': 'VisitorReviewScore'}, {'count': 18, 'score': None, '__typename': 'VisitorReviewScore'}, {'count': 29, 'score': None, '__typename': 'VisitorReviewScore'}, {'count': 285, 'score': None, '__typename': 'VisitorReviewScore'}, {'count': 1, 'score': None, '__typename': 'VisitorReviewScore'}, {'count': 136, 'score': None, '__typename': 'VisitorReviewScore'}, {'count': 792, 'score': None, '__typename': 'VisitorReviewScore'}, {'count': 89, 'score': None, '__typename': 'VisitorReviewScore'}, {'count': 77, 'score': None, '__typename': 'VisitorReviewScore'}, {'count': 9, 'score': None, '__typename': 'VisitorReviewScore'}, {'count': 84, 'score': None, '__typename': 'VisitorReviewScore'}]",329,1772,792.0,1424,671,652
1649804520,3014,1654,4.45,3014,"[{'count': 239, 'score': None, '__typename': 'VisitorReviewScore'}, {'count': 1016, 'score': None, '__typename': 'VisitorReviewScore'}, {'count': 25, 'score': None, '__typename': 'VisitorReviewScore'}, {'count': 458, 'score': None, '__typename': 'VisitorReviewScore'}, {'count': 5, 'score': None, '__typename': 'VisitorReviewScore'}, {'count': 15, 'score': None, '__typename': 'VisitorReviewScore'}, {'count': 2, 'score': None, '__typename': 'VisitorReviewScore'}, {'count': 92, 'score': None, '__typename': 'VisitorReviewScore'}, {'count': 7, 'score': None, '__typename': 'VisitorReviewScore'}, {'count': 94, 'score': None, '__typename': 'VisitorReviewScore'}]",529,2242,1016.0,2895,1194,1134
1519617703,1328,254,4.52,1328,"[{'count': 49, 'score': None, '__typename': 'VisitorReviewScore'}, {'count': 4, 'score': None, '__typename': 'VisitorReviewScore'}, {'count': 6, 'score': None, '__typename': 'VisitorReviewScore'}, {'count': 1, 'score': None, '__typename': 'VisitorReviewScore'}, {'count': 17, 'score': None, '__typename': 'VisitorReviewScore'}, {'count': 4, 'score': None, '__typename': 'VisitorReviewScore'}]",688,1120,49.0,4591,1273,1238
1249805999,2671,1091,4.55,2671,"[{'count': 13, 'score': None, '__typename': 'VisitorReviewScore'}, {'count': 9, 'score': None, '__typename': 'VisitorReviewScore'}, {'count': 49, 'score': None, '__typename': 'VisitorReviewScore'}, {'count': 1034, 'score': None, '__typename': 'VisitorReviewScore'}, {'count': 184, 'score': None, '__typename': 'VisitorReviewScore'}, {'count': 17, 'score': None, '__typename': 'VisitorReviewScore'}, {'count': 61, 'score': None, '__typename': 'VisitorReviewScore'}, {'count': 5, 'score': None, '__typename': 'VisitorReviewScore'}, {'count': 231, 'score': None, '__typename': 'VisitorReviewScore'}, {'count': 14, 'score': None, '__typename': 'VisitorReviewScore'}]",689,2144,1034.0,2461,1123,1108
34625104,3365,2221,4.41,3365,"[{'count': 6, 'score': None, '__typename': 'VisitorReviewScore'}, {'count': 1120, 'score': None, '__typename': 'VisitorReviewScore'}, {'count': 8, 'score': None, '__typename': 'VisitorReviewScore'}, {'count': 132, 'score': None, '__typename': 'VisitorReviewScore'}, {'count': 565, 'score': None, '__typename': 'VisitorReviewScore'}, {'count': 20, 'score': None, '__typename': 'VisitorReviewScore'}, {'count': 12, 'score': None, '__typename': 'VisitorReviewScore'}, {'count': 254, 'score': None, '__typename': 'VisitorReviewScore'}, {'count': 142, 'score': None, '__typename': 'VisitorReviewScore'}, {'count': 3, 'score': None, '__typename': 'VisitorReviewScore'}]",239,2491,1120.0,2059,1167,1094
1214681781,452,161,0.0,452,[],193,255,,1265,442,421
37170797,766,469,4.18,766,"[{'count': 150, 'score': None, '__typename': 'VisitorReviewScore'}, {'count': 64, 'score': None, '__typename': 'VisitorReviewScore'}, {'count': 9, 'score': None, '__typename': 'VisitorReviewScore'}, {'count': 7, 'score': None, '__typename': 'VisitorReviewScore'}, {'count': 5, 'score': None, '__typename': 'VisitorReviewScore'}, {'count': 48, 'score': None, '__typename': 'VisitorReviewScore'}, {'count': 57, 'score': None, '__typename': 'VisitorReviewScore'}, {'count': 288, 'score': None, '__typename': 'VisitorReviewScore'}, {'count': 16, 'score': None, '__typename': 'VisitorReviewScore'}, {'count': 12, 'score': None, '__typename': 'VisitorReviewScore'}]",93,718,288.0,216,108,108
36859834,15329,9395,4.35,15329,"[{'count': 127, 'score': None, '__typename': 'VisitorReviewScore'}, {'count': 1094, 'score': None, '__typename': 'VisitorReviewScore'}, {'count': 595, 'score': None, '__typename': 'VisitorReviewScore'}, {'count': 30, 'score': None, '__typename': 'VisitorReviewScore'}, {'count': 58, 'score': None, '__typename': 'VisitorReviewScore'}, {'count': 621, 'score': None, '__typename': 'VisitorReviewScore'}, {'count': 77, 'score': None, '__typename': 'VisitorReviewScore'}, {'count': 4568, 'score': None, '__typename': 'VisitorReviewScore'}, {'count': 53, 'score': None, '__typename': 'VisitorReviewScore'}, {'count': 2413, 'score': None, '__typename': 'VisitorReviewScore'}]",1789,10890,4568.0,12436,6176,5536
1892828298,1125,586,4.37,1125,"[{'count': 48, 'score': None, '__typename': 'VisitorReviewScore'}, {'count': 22, 'score': None, '__typename': 'VisitorReviewScore'}, {'count': 257, 'score': None, '__typename': 'VisitorReviewScore'}, {'count': 7, 'score': None, '__typename': 'VisitorReviewScore'}, {'count': 6, 'score': None, '__typename': 'VisitorReviewScore'}, {'count': 3, 'score': None, '__typename': 'VisitorReviewScore'}, {'count': 2, 'score': None, '__typename': 'VisitorReviewScore'}, {'count': 113, 'score': None, '__typename': 'VisitorReviewScore'}, {'count': 3, 'score': None, '__typename': 'VisitorReviewScore'}, {'count': 33, 'score': None, '__typename': 'VisitorReviewScore'}]",239,902,257.0,1502,648,613
36823910,1628,779,4.11,1628,"[{'count': 22, 'score': None, '__typename': 'VisitorReviewScore'}, {'count': 9, 'score': None, '__typename': 'VisitorReviewScore'}, {'count': 30, 'score': None, '__typename': 'VisitorReviewScore'}, {'count': 29, 'score': None, '__typename': 'VisitorReviewScore'}, {'count': 112, 'score': None, '__typename': 'VisitorReviewScore'}, {'count': 56, 'score': None, '__typename': 'VisitorReviewScore'}, {'count': 498, 'score': None, '__typename': 'VisitorReviewScore'}, {'count': 112, 'score': None, '__typename': 'VisitorReviewScore'}, {'count': 29, 'score': None, '__typename': 'VisitorReviewScore'}, {'count': 255, 'score': None, '__typename': 'VisitorReviewScore'}]",385,1397,498.0,1179,466,458
11595461,2527,1605,4.26,2527,"[{'count': 12, 'score': None, '__typename': 'VisitorReviewScore'}, {'count': 21, 'score': None, '__typename': 'VisitorReviewScore'}, {'count': 7, 'score': None, '__typename': 'VisitorReviewScore'}, {'count': 188, 'score': None, '__typename': 'VisitorReviewScore'}, {'count': 27, 'score': None, '__typename': 'VisitorReviewScore'}, {'count': 123, 'score': None, '__typename': 'VisitorReviewScore'}, {'count': 751, 'score': None, '__typename': 'VisitorReviewScore'}, {'count': 127, 'score': None, '__typename': 'VisitorReviewScore'}, {'count': 18, 'score': None, '__typename': 'VisitorReviewScore'}, {'count': 451, 'score': None, '__typename': 'VisitorReviewScore'}]",264,2091,751.0,1592,852,807
19872990,10425,1441,4.62,10425,"[{'count': 43, 'score': None, '__typename': 'VisitorReviewScore'}, {'count': 184, 'score': None, '__typename': 'VisitorReviewScore'}, {'count': 16, 'score': None, '__typename': 'VisitorReviewScore'}, {'count': 152, 'score': None, '__typename': 'VisitorReviewScore'}, {'count': 44, 'score': None, '__typename': 'VisitorReviewScore'}, {'count': 4277, 'score': None, '__typename': 'VisitorReviewScore'}, {'count': 574, 'score': None, '__typename': 'VisitorReviewScore'}, {'count': 43, 'score': None, '__typename': 'VisitorReviewScore'}, {'count': 792, 'score': None, '__typename': 'VisitorReviewScore'}, {'count': 47, 'score': None, '__typename': 'VisitorReviewScore'}]",5465,7093,4277.0,16341,5164,4906
1374828905,3938,1577,4.58,3938,"[{'count': 5, 'score': None, '__typename': 'VisitorReviewScore'}, {'count': 8, 'score': None, '__typename': 'VisitorReviewScore'}, {'count': 1194, 'score': None, '__typename': 'VisitorReviewScore'}, {'count': 78, 'score': None, '__typename': 'VisitorReviewScore'}, {'count': 333, 'score': None, '__typename': 'VisitorReviewScore'}, {'count': 3, 'score': None, '__typename': 'VisitorReviewScore'}, {'count': 14, 'score': None, '__typename': 'VisitorReviewScore'}, {'count': 199, 'score': None, '__typename': 'VisitorReviewScore'}, {'count': 5, 'score': None, '__typename': 'VisitorReviewScore'}, {'count': 72, 'score': None, '__typename': 'VisitorReviewScore'}]",827,2652,1194.0,6949,2312,2240
31204698,3400,1734,4.46,3400,"[{'count': 19, 'score': None, '__typename': 'VisitorReviewScore'}, {'count': 441, 'score': None, '__typename': 'VisitorReviewScore'}, {'count': 7, 'score': None, '__typename': 'VisitorReviewScore'}, {'count': 91, 'score': None, '__typename': 'VisitorReviewScore'}, {'count': 15, 'score': None, '__typename': 'VisitorReviewScore'}, {'count': 256, 'score': None, '__typename': 'VisitorReviewScore'}, {'count': 1146, 'score': None, '__typename': 'VisitorReviewScore'}, {'count': 97, 'score': None, '__typename': 'VisitorReviewScore'}, {'count': 26, 'score': None, '__typename': 'VisitorReviewScore'}, {'count': 4, 'score': None, '__typename': 'VisitorReviewScore'}]",578,2373,1146.0,3446,1467,1305
11727502,2255,1280,4.22,2255,"[{'count': 26, 'score': None, '__typename': 'VisitorReviewScore'}, {'count': 5, 'score': None, '__typename': 'VisitorReviewScore'}, {'count': 601, 'score': None, '__typename': 'VisitorReviewScore'}, {'count': 84, 'score': None, '__typename': 'VisitorReviewScore'}, {'count': 22, 'score': None, '__typename': 'VisitorReviewScore'}, {'count': 157, 'score': None, '__typename': 'VisitorReviewScore'}, {'count': 105, 'score': None, '__typename': 'VisitorReviewScore'}, {'count': 23, 'score': None, '__typename': 'VisitorReviewScore'}, {'count': 380, 'score': None, '__typename': 'VisitorReviewScore'}, {'count': 15, 'score': None, '__typename': 'VisitorReviewScore'}]",286,1750,601.0,1811,891,862
1256246739,9240,5014,4.34,9240,"[{'count': 2712, 'score': None, '__typename': 'VisitorReviewScore'}, {'count': 64, 'score': None, '__typename': 'VisitorReviewScore'}, {'count': 315, 'score': None, '__typename': 'VisitorReviewScore'}, {'count': 351, 'score': None, '__typename': 'VisitorReviewScore'}, {'count': 37, 'score': None, '__typename': 'VisitorReviewScore'}, {'count': 83, 'score': None, '__typename': 'VisitorReviewScore'}, {'count': 1350, 'score': None, '__typename': 'VisitorReviewScore'}, {'count': 646, 'score': None, '__typename': 'VisitorReviewScore'}, {'count': 24, 'score': None, '__typename': 'VisitorReviewScore'}, {'count': 50, 'score': None, '__typename': 'VisitorReviewScore'}]",1565,6996,2712.0,9232,4001,3816
1795151167,3872,537,0.0,3872,[],2428,2526,,14482,3853,3685
1667822207,3417,1919,4.28,3417,"[{'count': 177, 'score': None, '__typename': 'VisitorReviewScore'}, {'count': 271, 'score': None, '__typename': 'VisitorReviewScore'}, {'count': 1180, 'score': None, '__typename': 'VisitorReviewScore'}, {'count': 41, 'score': None, '__typename': 'VisitorReviewScore'}, {'count': 27, 'score': None, '__typename': 'VisitorReviewScore'}, {'count': 17, 'score': None, '__typename': 'VisitorReviewScore'}, {'count': 602, 'score': None, '__typename': 'VisitorReviewScore'}, {'count': 196, 'score': None, '__typename': 'VisitorReviewScore'}, {'count': 10, 'score': None, '__typename': 'VisitorReviewScore'}, {'count': 37, 'score': None, '__typename': 'VisitorReviewScore'}]",596,2853,1180.0,2155,948,923
1153699096,3364,1816,4.34,3364,"[{'count': 796, 'score': None, '__typename': 'VisitorReviewScore'}, {'count': 6, 'score': None, '__typename': 'VisitorReviewScore'}, {'count': 113, 'score': None, '__typename': 'VisitorReviewScore'}, {'count': 13, 'score': None, '__typename': 'VisitorReviewScore'}, {'count': 112, 'score': None, '__typename': 'VisitorReviewScore'}, {'count': 14, 'score': None, '__typename': 'VisitorReviewScore'}, {'count': 18, 'score': None, '__typename': 'VisitorReviewScore'}, {'count': 10, 'score': None, '__typename': 'VisitorReviewScore'}, {'count': 453, 'score': None, '__typename': 'VisitorReviewScore'}, {'count': 186, 'score': None, '__typename': 'VisitorReviewScore'}]",602,2160,796.0,4220,1742,1568
1383910337,3239,1811,4.49,3239,"[{'count': 13, 'score': None, '__typename': 'VisitorReviewScore'}, {'count': 90, 'score': None, '__typename': 'VisitorReviewScore'}, {'count': 2, 'score': None, '__typename': 'VisitorReviewScore'}, {'count': 79, 'score': None, '__typename': 'VisitorReviewScore'}, {'count': 7, 'score': None, '__typename': 'VisitorReviewScore'}, {'count': 1094, 'score': None, '__typename': 'VisitorReviewScore'}, {'count': 249, 'score': None, '__typename': 'VisitorReviewScore'}, {'count': 3, 'score': None, '__typename': 'VisitorReviewScore'}, {'count': 503, 'score': None, '__typename': 'VisitorReviewScore'}, {'count': 13, 'score': None, '__typename': 'VisitorReviewScore'}]",532,2103,1094.0,3153,1341,1161
11714447,2343,1461,4.2,2343,"[{'count': 117, 'score': None, '__typename': 'VisitorReviewScore'}, {'count': 194, 'score': None, '__typename': 'VisitorReviewScore'}, {'count': 737, 'score': None, '__typename': 'VisitorReviewScore'}, {'count': 85, 'score': None, '__typename': 'VisitorReviewScore'}, {'count': 16, 'score': None, '__typename': 'VisitorReviewScore'}, {'count': 10, 'score': None, '__typename': 'VisitorReviewScore'}, {'count': 48, 'score': None, '__typename': 'VisitorReviewScore'}, {'count': 23, 'score': None, '__typename': 'VisitorReviewScore'}, {'count': 28, 'score': None, '__typename': 'VisitorReviewScore'}, {'count': 414, 'score': None, '__typename': 'VisitorReviewScore'}]",215,1860,737.0,1563,725,684
1864290419,2343,1309,4.41,2343,"[{'count': 191, 'score': None, '__typename': 'VisitorReviewScore'}, {'count': 859, 'score': None, '__typename': 'VisitorReviewScore'}, {'count': 21, 'score': None, '__typename': 'VisitorReviewScore'}, {'count': 16, 'score': None, '__typename': 'VisitorReviewScore'}, {'count': 8, 'score': None, '__typename': 'VisitorReviewScore'}, {'count': 353, 'score': None, '__typename': 'VisitorReviewScore'}, {'count': 109, 'score': None, '__typename': 'VisitorReviewScore'}, {'count': 4, 'score': None, '__typename': 'VisitorReviewScore'}, {'count': 6, 'score': None, '__typename': 'VisitorReviewScore'}, {'count': 96, 'score': None, '__typename': 'VisitorReviewScore'}]",439,1847,859.0,1906,790,772
1986490157,1419,249,4.83,1419,"[{'count': 12, 'score': None, '__typename': 'VisitorReviewScore'}, {'count': 850, 'score': None, '__typename': 'VisitorReviewScore'}, {'count': 9, 'score': None, '__typename': 'VisitorReviewScore'}, {'count': 78, 'score': None, '__typename': 'VisitorReviewScore'}, {'count': 2, 'score': None, '__typename': 'VisitorReviewScore'}, {'count': 107, 'score': None, '__typename': 'VisitorReviewScore'}, {'count': 2, 'score': None, '__typename': 'VisitorReviewScore'}]",825,1362,850.0,1335,390,376
1838327534,432,130,4.63,432,"[{'count': 2, 'score': None, '__typename': 'VisitorReviewScore'}, {'count': 4, 'score': None, '__typename': 'VisitorReviewScore'}, {'count': 2, 'score': None, '__typename': 'VisitorReviewScore'}, {'count': 62, 'score': None, '__typename': 'VisitorReviewScore'}, {'count': 23, 'score': None, '__typename': 'VisitorReviewScore'}, {'count': 297, 'score': None, '__typename': 'VisitorReviewScore'}, {'count': 3, 'score': None, '__typename': 'VisitorReviewScore'}, {'count': 12, 'score': None, '__typename': 'VisitorReviewScore'}, {'count': 11, 'score': None, '__typename': 'VisitorReviewScore'}]",62,409,297.0,50,16,16
1648347549,1786,630,4.52,1786,"[{'count': 80, 'score': None, '__typename': 'VisitorReviewScore'}, {'count': 32, 'score': None, '__typename': 'VisitorReviewScore'}, {'count': 40, 'score': None, '__typename': 'VisitorReviewScore'}, {'count': 2, 'score': None, '__typename': 'VisitorReviewScore'}, {'count': 429, 'score': None, '__typename': 'VisitorReviewScore'}, {'count': 3, 'score': None, '__typename': 'VisitorReviewScore'}, {'count': 9, 'score': None, '__typename': 'VisitorReviewScore'}, {'count': 2, 'score': None, '__typename': 'VisitorReviewScore'}, {'count': 139, 'score': None, '__typename': 'VisitorReviewScore'}]",639,1504,429.0,3213,1085,1054
1146342571,3151,1453,4.44,3151,"[{'count': 206, 'score': None, '__typename': 'VisitorReviewScore'}, {'count': 23, 'score': None, '__typename': 'VisitorReviewScore'}, {'count': 13, 'score': None, '__typename': 'VisitorReviewScore'}, {'count': 338, 'score': None, '__typename': 'VisitorReviewScore'}, {'count': 71, 'score': None, '__typename': 'VisitorReviewScore'}, {'count': 24, 'score': None, '__typename': 'VisitorReviewScore'}, {'count': 1024, 'score': None, '__typename': 'VisitorReviewScore'}, {'count': 25, 'score': None, '__typename': 'VisitorReviewScore'}, {'count': 72, 'score': None, '__typename': 'VisitorReviewScore'}, {'count': 8, 'score': None, '__typename': 'VisitorReviewScore'}]",692,2292,1024.0,3112,1451,1424
38265405,5393,1392,4.71,5393,"[{'count': 393, 'score': None, '__typename': 'VisitorReviewScore'}, {'count': 15, 'score': None, '__typename': 'VisitorReviewScore'}, {'count': 96, 'score': None, '__typename': 'VisitorReviewScore'}, {'count': 370, 'score': None, '__typename': 'VisitorReviewScore'}, {'count': 7, 'score': None, '__typename': 'VisitorReviewScore'}, {'count': 15, 'score': None, '__typename': 'VisitorReviewScore'}, {'count': 6, 'score': None, '__typename': 'VisitorReviewScore'}, {'count': 87, 'score': None, '__typename': 'VisitorReviewScore'}, {'count': 2585, 'score': None, '__typename': 'VisitorReviewScore'}, {'count': 7, 'score': None, '__typename': 'VisitorReviewScore'}]",2408,4425,2585.0,6406,2140,2100
1828477580,5598,3062,4.26,5598,"[{'count': 303, 'score': None, '__typename': 'VisitorReviewScore'}, {'count': 13, 'score': None, '__typename': 'VisitorReviewScore'}, {'count': 60, 'score': None, '__typename': 'VisitorReviewScore'}, {'count': 969, 'score': None, '__typename': 'VisitorReviewScore'}, {'count': 41, 'score': None, '__typename': 'VisitorReviewScore'}, {'count': 61, 'score': None, '__typename': 'VisitorReviewScore'}, {'count': 83, 'score': None, '__typename': 'VisitorReviewScore'}, {'count': 1851, 'score': None, '__typename': 'VisitorReviewScore'}, {'count': 231, 'score': None, '__typename': 'VisitorReviewScore'}, {'count': 422, 'score': None, '__typename': 'VisitorReviewScore'}]",798,4427,1851.0,3870,1727,1644
16929189,3793,1430,4.45,3793,"[{'count': 211, 'score': None, '__typename': 'VisitorReviewScore'}, {'count': 356, 'score': None, '__typename': 'VisitorReviewScore'}, {'count': 22, 'score': None, '__typename': 'VisitorReviewScore'}, {'count': 27, 'score': None, '__typename': 'VisitorReviewScore'}, {'count': 106, 'score': None, '__typename': 'VisitorReviewScore'}, {'count': 1246, 'score': None, '__typename': 'VisitorReviewScore'}, {'count': 22, 'score': None, '__typename': 'VisitorReviewScore'}, {'count': 26, 'score': None, '__typename': 'VisitorReviewScore'}, {'count': 7, 'score': None, '__typename': 'VisitorReviewScore'}, {'count': 83, 'score': None, '__typename': 'VisitorReviewScore'}]",738,2735,1246.0,5160,1969,1913
1277648050,2332,1272,4.46,2332,"[{'count': 58, 'score': None, '__typename': 'VisitorReviewScore'}, {'count': 681, 'score': None, '__typename': 'VisitorReviewScore'}, {'count': 143, 'score': None, '__typename': 'VisitorReviewScore'}, {'count': 5, 'score': None, '__typename': 'VisitorReviewScore'}, {'count': 7, 'score': None, '__typename': 'VisitorReviewScore'}, {'count': 286, 'score': None, '__typename': 'VisitorReviewScore'}, {'count': 2, 'score': None, '__typename': 'VisitorReviewScore'}, {'count': 2, 'score': None, '__typename': 'VisitorReviewScore'}, {'count': 14, 'score': None, '__typename': 'VisitorReviewScore'}, {'count': 70, 'score': None, '__typename': 'VisitorReviewScore'}]",472,1617,681.0,3088,1204,1145
766197218,12107,1928,4.77,12107,"[{'count': 134, 'score': None, '__typename': 'VisitorReviewScore'}, {'count': 12, 'score': None, '__typename': 'VisitorReviewScore'}, {'count': 6, 'score': None, '__typename': 'VisitorReviewScore'}, {'count': 621, 'score': None, '__typename': 'VisitorReviewScore'}, {'count': 11, 'score': None, '__typename': 'VisitorReviewScore'}, {'count': 123, 'score': None, '__typename': 'VisitorReviewScore'}, {'count': 15, 'score': None, '__typename': 'VisitorReviewScore'}, {'count': 5525, 'score': None, '__typename': 'VisitorReviewScore'}, {'count': 8, 'score': None, '__typename': 'VisitorReviewScore'}, {'count': 829, 'score': None, '__typename': 'VisitorReviewScore'}]",7471,9007,5525.0,20188,5917,5817
36503433,5400,979,4.68,5400,"[{'count': 53, 'score': None, '__typename': 'VisitorReviewScore'}, {'count': 80, 'score': None, '__typename': 'VisitorReviewScore'}, {'count': 21, 'score': None, '__typename': 'VisitorReviewScore'}, {'count': 327, 'score': None, '__typename': 'VisitorReviewScore'}, {'count': 23, 'score': None, '__typename': 'VisitorReviewScore'}, {'count': 15, 'score': None, '__typename': 'VisitorReviewScore'}, {'count': 10, 'score': None, '__typename': 'VisitorReviewScore'}, {'count': 2826, 'score': None, '__typename': 'VisitorReviewScore'}, {'count': 50, 'score': None, '__typename': 'VisitorReviewScore'}, {'count': 319, 'score': None, '__typename': 'VisitorReviewScore'}]",594,3820,2826.0,6404,1913,1482
1142108083,4023,1872,4.58,4023,"[{'count': 23, 'score': None, '__typename': 'VisitorReviewScore'}, {'count': 9, 'score': None, '__typename': 'VisitorReviewScore'}, {'count': 395, 'score': None, '__typename': 'VisitorReviewScore'}, {'count': 12, 'score': None, '__typename': 'VisitorReviewScore'}, {'count': 1677, 'score': None, '__typename': 'VisitorReviewScore'}, {'count': 94, 'score': None, '__typename': 'VisitorReviewScore'}, {'count': 70, 'score': None, '__typename': 'VisitorReviewScore'}, {'count': 6, 'score': None, '__typename': 'VisitorReviewScore'}, {'count': 22, 'score': None, '__typename': 'VisitorReviewScore'}, {'count': 254, 'score': None, '__typename': 'VisitorReviewScore'}]",1010,2829,1677.0,4201,1687,1528
1089671180,1371,642,4.38,1371,"[{'count': 5, 'score': None, '__typename': 'VisitorReviewScore'}, {'count': 2, 'score': None, '__typename': 'VisitorReviewScore'}, {'count': 217, 'score': None, '__typename': 'VisitorReviewScore'}, {'count': 25, 'score': None, '__typename': 'VisitorReviewScore'}, {'count': 50, 'score': None, '__typename': 'VisitorReviewScore'}, {'count': 1, 'score': None, '__typename': 'VisitorReviewScore'}, {'count': 28, 'score': None, '__typename': 'VisitorReviewScore'}, {'count': 2, 'score': None, '__typename': 'VisitorReviewScore'}, {'count': 94, 'score': None, '__typename': 'VisitorReviewScore'}, {'count': 7, 'score': None, '__typename': 'VisitorReviewScore'}]",339,828,217.0,2694,1088,1050
1273416923,4565,2867,4.46,4565,"[{'count': 156, 'score': None, '__typename': 'VisitorReviewScore'}, {'count': 4, 'score': None, '__typename': 'VisitorReviewScore'}, {'count': 155, 'score': None, '__typename': 'VisitorReviewScore'}, {'count': 1523, 'score': None, '__typename': 'VisitorReviewScore'}, {'count': 5, 'score': None, '__typename': 'VisitorReviewScore'}, {'count': 311, 'score': None, '__typename': 'VisitorReviewScore'}, {'count': 673, 'score': None, '__typename': 'VisitorReviewScore'}, {'count': 25, 'score': None, '__typename': 'VisitorReviewScore'}, {'count': 11, 'score': None, '__typename': 'VisitorReviewScore'}, {'count': 11, 'score': None, '__typename': 'VisitorReviewScore'}]",391,3306,1523.0,3441,1848,1676
1090905770,1546,842,4.15,1546,"[{'count': 20, 'score': None, '__typename': 'VisitorReviewScore'}, {'count': 85, 'score': None, '__typename': 'VisitorReviewScore'}, {'count': 5, 'score': None, '__typename': 'VisitorReviewScore'}, {'count': 55, 'score': None, '__typename': 'VisitorReviewScore'}, {'count': 46, 'score': None, '__typename': 'VisitorReviewScore'}, {'count': 522, 'score': None, '__typename': 'VisitorReviewScore'}, {'count': 134, 'score': None, '__typename': 'VisitorReviewScore'}, {'count': 22, 'score': None, '__typename': 'VisitorReviewScore'}, {'count': 257, 'score': None, '__typename': 'VisitorReviewScore'}, {'count': 16, 'score': None, '__typename': 'VisitorReviewScore'}]",283,1291,522.0,1004,418,389
1516216333,3623,1797,4.35,3623,"[{'count': 145, 'score': None, '__typename': 'VisitorReviewScore'}, {'count': 23, 'score': None, '__typename': 'VisitorReviewScore'}, {'count': 87, 'score': None, '__typename': 'VisitorReviewScore'}, {'count': 277, 'score': None, '__typename': 'VisitorReviewScore'}, {'count': 13, 'score': None, '__typename': 'VisitorReviewScore'}, {'count': 22, 'score': None, '__typename': 'VisitorReviewScore'}, {'count': 6, 'score': None, '__typename': 'VisitorReviewScore'}, {'count': 106, 'score': None, '__typename': 'VisitorReviewScore'}, {'count': 798, 'score': None, '__typename': 'VisitorReviewScore'}, {'count': 22, 'score': None, '__typename': 'VisitorReviewScore'}]",675,2311,798.0,5343,2303,2075
37191637,1940,1147,4.31,1940,"[{'count': 74, 'score': None, '__typename': 'VisitorReviewScore'}, {'count': 5, 'score': None, '__typename': 'VisitorReviewScore'}, {'count': 16, 'score': None, '__typename': 'VisitorReviewScore'}, {'count': 182, 'score': None, '__typename': 'VisitorReviewScore'}, {'count': 20, 'score': None, '__typename': 'VisitorReviewScore'}, {'count': 319, 'score': None, '__typename': 'VisitorReviewScore'}, {'count': 8, 'score': None, '__typename': 'VisitorReviewScore'}, {'count': 17, 'score': None, '__typename': 'VisitorReviewScore'}, {'count': 615, 'score': None, '__typename': 'VisitorReviewScore'}, {'count': 98, 'score': None, '__typename': 'VisitorReviewScore'}]",308,1591,615.0,1538,704,683
1431450188,11179,5188,4.46,11179,"[{'count': 47, 'score': None, '__typename': 'VisitorReviewScore'}, {'count': 64, 'score': None, '__typename': 'VisitorReviewScore'}, {'count': 16, 'score': None, '__typename': 'VisitorReviewScore'}, {'count': 244, 'score': None, '__typename': 'VisitorReviewScore'}, {'count': 222, 'score': None, '__typename': 'VisitorReviewScore'}, {'count': 47, 'score': None, '__typename': 'VisitorReviewScore'}, {'count': 2918, 'score': None, '__typename': 'VisitorReviewScore'}, {'count': 514, 'score': None, '__typename': 'VisitorReviewScore'}, {'count': 1064, 'score': None, '__typename': 'VisitorReviewScore'}, {'count': 21, 'score': None, '__typename': 'VisitorReviewScore'}]",2281,6731,2918.0,13616,6627,6000
38335352,2280,1341,4.26,2280,"[{'count': 187, 'score': None, '__typename': 'VisitorReviewScore'}, {'count': 438, 'score': None, '__typename': 'VisitorReviewScore'}, {'count': 125, 'score': None, '__typename': 'VisitorReviewScore'}, {'count': 16, 'score': None, '__typename': 'VisitorReviewScore'}, {'count': 7, 'score': None, '__typename': 'VisitorReviewScore'}, {'count': 722, 'score': None, '__typename': 'VisitorReviewScore'}, {'count': 22, 'score': None, '__typename': 'VisitorReviewScore'}, {'count': 108, 'score': None, '__typename': 'VisitorReviewScore'}, {'count': 14, 'score': None, '__typename': 'VisitorReviewScore'}, {'count': 32, 'score': None, '__typename': 'VisitorReviewScore'}]",353,1878,722.0,1429,656,627
1477478251,186,88,0.0,186,[],60,182,,514,180,177
31660729,3986,2338,4.45,3986,"[{'count': 308, 'score': None, '__typename': 'VisitorReviewScore'}, {'count': 7, 'score': None, '__typename': 'VisitorReviewScore'}, {'count': 104, 'score': None, '__typename': 'VisitorReviewScore'}, {'count': 18, 'score': None, '__typename': 'VisitorReviewScore'}, {'count': 13, 'score': None, '__typename': 'VisitorReviewScore'}, {'count': 1351, 'score': None, '__typename': 'VisitorReviewScore'}, {'count': 127, 'score': None, '__typename': 'VisitorReviewScore'}, {'count': 28, 'score': None, '__typename': 'VisitorReviewScore'}, {'count': 14, 'score': None, '__typename': 'VisitorReviewScore'}, {'count': 570, 'score': None, '__typename': 'VisitorReviewScore'}]",560,3044,1351.0,3774,1571,1513
1509572684,1541,806,4.31,1541,"[{'count': 12, 'score': None, '__typename': 'VisitorReviewScore'}, {'count': 16, 'score': None, '__typename': 'VisitorReviewScore'}, {'count': 5, 'score': None, '__typename': 'VisitorReviewScore'}, {'count': 2, 'score': None, '__typename': 'VisitorReviewScore'}, {'count': 5, 'score': None, '__typename': 'VisitorReviewScore'}]",246,830,16.0,3181,1474,1317
16947222,1252,636,4.45,1252,"[{'count': 88, 'score': None, '__typename': 'VisitorReviewScore'}, {'count': 4, 'score': None, '__typename': 'VisitorReviewScore'}, {'count': 176, 'score': None, '__typename': 'VisitorReviewScore'}, {'count': 8, 'score': None, '__typename': 'VisitorReviewScore'}, {'count': 41, 'score': None, '__typename': 'VisitorReviewScore'}, {'count': 4, 'score': None, '__typename': 'VisitorReviewScore'}, {'count': 435, 'score': None, '__typename': 'VisitorReviewScore'}, {'count': 4, 'score': None, '__typename': 'VisitorReviewScore'}, {'count': 42, 'score': None, '__typename': 'VisitorReviewScore'}, {'count': 3, 'score': None, '__typename': 'VisitorReviewScore'}]",240,990,435.0,1161,507,487
37438036,1785,1074,4.33,1785,"[{'count': 13, 'score': None, '__typename': 'VisitorReviewScore'}, {'count': 67, 'score': None, '__typename': 'VisitorReviewScore'}, {'count': 83, 'score': None, '__typename': 'VisitorReviewScore'}, {'count': 4, 'score': None, '__typename': 'VisitorReviewScore'}, {'count': 10, 'score': None, '__typename': 'VisitorReviewScore'}, {'count': 283, 'score': None, '__typename': 'VisitorReviewScore'}, {'count': 10, 'score': None, '__typename': 'VisitorReviewScore'}, {'count': 124, 'score': None, '__typename': 'VisitorReviewScore'}, {'count': 18, 'score': None, '__typename': 'VisitorReviewScore'}, {'count': 582, 'score': None, '__typename': 'VisitorReviewScore'}]",283,1443,582.0,1201,614,583
13444829,4522,2780,4.34,4522,"[{'count': 700, 'score': None, '__typename': 'VisitorReviewScore'}, {'count': 13, 'score': None, '__typename': 'VisitorReviewScore'}, {'count': 171, 'score': None, '__typename': 'VisitorReviewScore'}, {'count': 34, 'score': None, '__typename': 'VisitorReviewScore'}, {'count': 158, 'score': None, '__typename': 'VisitorReviewScore'}, {'count': 327, 'score': None, '__typename': 'VisitorReviewScore'}, {'count': 1379, 'score': None, '__typename': 'VisitorReviewScore'}, {'count': 20, 'score': None, '__typename': 'VisitorReviewScore'}, {'count': 42, 'score': None, '__typename': 'VisitorReviewScore'}, {'count': 23, 'score': None, '__typename': 'VisitorReviewScore'}]",348,3188,1379.0,3994,1796,1612
